Family,EvidenceLabel,MedianDirection,Method,Metric,LowDimension,HighDimension,ValidN,LowMedian,HighMedian,MedianHighMinusLow,PositiveDeltaCount,NegativeDeltaCount,ZeroDeltaCount
C2DTLZ2_R02,prevalence_confounded,higher_dimension_worse_metric,clipped_GP_mean,AUC,4,6,5,0.586772620600835,0.5,-0.0867726206008352,1,4,0
C2DTLZ2_R02,prevalence_confounded,higher_dimension_worse_metric,clipped_GP_mean,AveragePrecision,4,6,5,0.36908190475815,0.108245368042177,-0.259719922363504,0,5,0
C2DTLZ2_R02,prevalence_confounded,higher_dimension_higher_error_or_mass,clipped_GP_mean,BalancedBrier,4,6,5,0.239075108437557,0.438633836725172,0.204737301822929,5,0,0
C2DTLZ2_R02,prevalence_confounded,higher_dimension_higher_error_or_mass,clipped_GP_mean,BalancedError,4,6,5,0.358390895583781,0.463275575969551,0.0860239588503056,5,0,0
C2DTLZ2_R02,prevalence_confounded,higher_dimension_lower_error_or_mass,clipped_GP_mean,DomainError,4,6,5,0.133975982666016,0.0288887023925781,-0.104084014892578,0,5,0
C2DTLZ2_R02,prevalence_confounded,higher_dimension_lower_error_or_mass,clipped_GP_mean,ECE10,4,6,5,0.235008042611081,0.028076171875,-0.198868439717661,1,4,0
C2DTLZ2_R02,prevalence_confounded,higher_dimension_higher_error_or_mass,clipped_GP_mean,FalseDiscoveryRate,4,6,3,0.476000431452918,0.579536967886482,0.103536536433565,3,0,0
C2DTLZ2_R02,prevalence_confounded,higher_dimension_higher_error_or_mass,clipped_GP_mean,FalseNegativeRate,4,6,5,0.66025209838271,0.923505434782609,0.231194945666479,5,0,0
C2DTLZ2_R02,prevalence_confounded,higher_dimension_lower_error_or_mass,clipped_GP_mean,FalsePositiveRate,4,6,5,0.0565296927848529,0.00304571715649334,-0.0565296927848529,1,4,0
C2DTLZ2_R02,prevalence_confounded,higher_dimension_higher_error_or_mass,clipped_GP_mean,ZeroMass,4,6,5,0.0521583557128906,0.956493377685547,0.941619873046875,4,1,0
CF1,cleanest_dimension_contrast,higher_dimension_worse_metric,clipped_GP_mean,AUC,4,10,5,0.804784976309663,0.656535564438939,-0.129676524107454,0,5,0
CF1,cleanest_dimension_contrast,higher_dimension_worse_metric,clipped_GP_mean,AveragePrecision,4,10,5,0.74380558869097,0.679959963067014,-0.0565186803220523,0,5,0
CF1,cleanest_dimension_contrast,higher_dimension_higher_error_or_mass,clipped_GP_mean,BalancedBrier,4,10,5,0.216276007622054,0.322087592669022,0.0979467952825492,5,0,0
CF1,cleanest_dimension_contrast,higher_dimension_higher_error_or_mass,clipped_GP_mean,BalancedError,4,10,5,0.327946273500145,0.40505025500764,0.0887588664043867,5,0,0
CF1,cleanest_dimension_contrast,higher_dimension_higher_error_or_mass,clipped_GP_mean,DomainError,4,10,5,0.326766967773438,0.418453216552734,0.104564666748047,5,0,0
CF1,cleanest_dimension_contrast,higher_dimension_higher_error_or_mass,clipped_GP_mean,ECE10,4,10,5,0.182405794682151,0.300791575645529,0.111899158310865,5,0,0
CF1,cleanest_dimension_contrast,higher_dimension_higher_error_or_mass,clipped_GP_mean,FalseDiscoveryRate,4,10,5,0.19108088135491,0.247907083716651,0.0527413933817131,5,0,0
CF1,cleanest_dimension_contrast,higher_dimension_higher_error_or_mass,clipped_GP_mean,FalseNegativeRate,4,10,5,0.515422021802091,0.693575630496826,0.176425912407062,5,0,0
CF1,cleanest_dimension_contrast,higher_dimension_lower_error_or_mass,clipped_GP_mean,FalsePositiveRate,4,10,5,0.100346282951816,0.0980671837938329,-0.000635875885961285,2,3,0
CF1,cleanest_dimension_contrast,higher_dimension_higher_error_or_mass,clipped_GP_mean,ZeroMass,4,10,5,0.222362518310547,0.345046997070312,0.113113403320312,5,0,0
MW7,prevalence_confounded,higher_dimension_better_metric,clipped_GP_mean,AUC,4,6,5,0.455979628928888,0.462713138033614,0.0419865531607988,4,1,0
MW7,prevalence_confounded,higher_dimension_worse_metric,clipped_GP_mean,AveragePrecision,4,6,5,0.220186411403997,0.191704615282379,-0.140664429679285,2,3,0
MW7,prevalence_confounded,higher_dimension_higher_error_or_mass,clipped_GP_mean,BalancedBrier,4,6,5,0.283234361081254,0.326075327536251,0.0432011638941004,3,2,0
MW7,prevalence_confounded,higher_dimension_higher_error_or_mass,clipped_GP_mean,BalancedError,4,6,5,0.35556248027663,0.372952418987053,0.0383749161030382,4,1,0
MW7,prevalence_confounded,higher_dimension_lower_error_or_mass,clipped_GP_mean,DomainError,4,6,5,0.0402412414550781,0.00696182250976562,-0.0336990356445312,0,5,0
MW7,prevalence_confounded,higher_dimension_lower_error_or_mass,clipped_GP_mean,ECE10,4,6,5,0.381911770637754,0.294174676240211,-0.092609242329973,1,4,0
MW7,prevalence_confounded,higher_dimension_higher_error_or_mass,clipped_GP_mean,FalseDiscoveryRate,4,6,5,0.377886095433556,0.568888888888889,0.119137714090254,4,1,0
MW7,prevalence_confounded,higher_dimension_higher_error_or_mass,clipped_GP_mean,FalseNegativeRate,4,6,5,0.691898026890169,0.74311377245509,0.0798804695480698,4,1,0
MW7,prevalence_confounded,higher_dimension_lower_error_or_mass,clipped_GP_mean,FalsePositiveRate,4,6,5,0.00587578283936336,0.0024570590538787,-0.00523464399249188,0,5,0
MW7,prevalence_confounded,higher_dimension_higher_error_or_mass,clipped_GP_mean,ZeroMass,4,6,5,0.0317726135253906,0.0315628051757812,0.00712203979492188,3,2,0
C2DTLZ2_R02,prevalence_confounded,higher_dimension_worse_metric,offline_RF_proxy,AUC,4,6,5,0.775975825708788,0.569338747051637,-0.161203766467862,0,5,0
C2DTLZ2_R02,prevalence_confounded,higher_dimension_worse_metric,offline_RF_proxy,AveragePrecision,4,6,5,0.480298377628655,0.0438814244379611,-0.417293745787232,0,5,0
C2DTLZ2_R02,prevalence_confounded,higher_dimension_higher_error_or_mass,offline_RF_proxy,BalancedBrier,4,6,5,0.218192410017206,0.477043040935838,0.2242717442038,5,0,0
C2DTLZ2_R02,prevalence_confounded,higher_dimension_higher_error_or_mass,offline_RF_proxy,BalancedError,4,6,5,0.310648748784723,0.5,0.160671578198317,5,0,0
C2DTLZ2_R02,prevalence_confounded,higher_dimension_lower_error_or_mass,offline_RF_proxy,DomainError,4,6,5,0.124298095703125,0.028076171875,-0.0897865295410156,0,5,0
C2DTLZ2_R02,prevalence_confounded,higher_dimension_lower_error_or_mass,offline_RF_proxy,ECE10,4,6,5,0.0955155887931743,0.0214972245065788,-0.0740183642865954,0,5,0
C2DTLZ2_R02,prevalence_confounded,higher_dimension_higher_error_or_mass,offline_RF_proxy,FalseDiscoveryRate,4,6,2,0.453628646193133,0.6857058596515,0.232077213458367,2,0,0
C2DTLZ2_R02,prevalence_confounded,higher_dimension_higher_error_or_mass,offline_RF_proxy,FalseNegativeRate,4,6,5,0.565993039511011,1,0.359781241774632,5,0,0
C2DTLZ2_R02,prevalence_confounded,higher_dimension_lower_error_or_mass,offline_RF_proxy,FalsePositiveRate,4,6,5,0.0527306307057218,0,-0.047820477771364,1,4,0
C2DTLZ2_R02,prevalence_confounded,higher_dimension_higher_error_or_mass,offline_RF_proxy,ZeroMass,4,6,5,0,0.006683349609375,0.00409698486328125,3,0,2
CF1,cleanest_dimension_contrast,higher_dimension_worse_metric,offline_RF_proxy,AUC,4,10,5,0.76684928406121,0.711121300864733,-0.0595011287221533,0,5,0
CF1,cleanest_dimension_contrast,higher_dimension_worse_metric,offline_RF_proxy,AveragePrecision,4,10,5,0.738615223375842,0.735132432464803,-0.00515218067276613,2,3,0
CF1,cleanest_dimension_contrast,higher_dimension_lower_error_or_mass,offline_RF_proxy,BalancedBrier,4,10,5,0.243047605691314,0.22033217347573,-0.00844665414642271,0,5,0
CF1,cleanest_dimension_contrast,higher_dimension_lower_error_or_mass,offline_RF_proxy,BalancedError,4,10,5,0.387229645183146,0.361582969419026,-0.0112062815713201,2,3,0
CF1,cleanest_dimension_contrast,higher_dimension_lower_error_or_mass,offline_RF_proxy,DomainError,4,10,5,0.384925842285156,0.370731353759766,-0.010101318359375,2,3,0
CF1,cleanest_dimension_contrast,higher_dimension_lower_error_or_mass,offline_RF_proxy,ECE10,4,10,5,0.164741130568994,0.0891299454371136,-0.11882456081885,0,5,0
CF1,cleanest_dimension_contrast,higher_dimension_higher_error_or_mass,offline_RF_proxy,FalseDiscoveryRate,4,10,5,0.198014451271992,0.271724438996953,0.059305171237282,5,0,0
CF1,cleanest_dimension_contrast,higher_dimension_lower_error_or_mass,offline_RF_proxy,FalseNegativeRate,4,10,5,0.692189504574752,0.552521987302697,-0.139667517272055,0,5,0
CF1,cleanest_dimension_contrast,higher_dimension_higher_error_or_mass,offline_RF_proxy,FalsePositiveRate,4,10,5,0.0634751047562759,0.203266235015065,0.151179823400568,5,0,0
CF1,cleanest_dimension_contrast,no_median_change,offline_RF_proxy,ZeroMass,4,10,5,0,0,0,0,0,5
MW7,prevalence_confounded,higher_dimension_better_metric,offline_RF_proxy,AUC,4,6,5,0.856140340768437,0.896160122225814,0.0629329429127976,4,1,0
MW7,prevalence_confounded,higher_dimension_worse_metric,offline_RF_proxy,AveragePrecision,4,6,5,0.305254652539522,0.1699191052545,-0.11269681008349,0,5,0
MW7,prevalence_confounded,higher_dimension_higher_error_or_mass,offline_RF_proxy,BalancedBrier,4,6,5,0.280328817844983,0.340957200090857,0.0836277081550801,3,2,0
MW7,prevalence_confounded,higher_dimension_higher_error_or_mass,offline_RF_proxy,BalancedError,4,6,5,0.399823728694938,0.408849796586867,0.00902606789192945,3,2,0
MW7,prevalence_confounded,higher_dimension_lower_error_or_mass,offline_RF_proxy,DomainError,4,6,5,0.0428886413574219,0.00731277465820312,-0.0349922180175781,0,5,0
MW7,prevalence_confounded,higher_dimension_lower_error_or_mass,offline_RF_proxy,ECE10,4,6,5,0.0599532382198118,0.0197692670267095,-0.0157083560423876,2,3,0
MW7,prevalence_confounded,higher_dimension_higher_error_or_mass,offline_RF_proxy,FalseDiscoveryRate,4,6,5,0.44964200477327,0.643105446118192,0.0759068645579086,4,1,0
MW7,prevalence_confounded,higher_dimension_higher_error_or_mass,offline_RF_proxy,FalseNegativeRate,4,6,5,0.786886677143356,0.815568862275449,0.0286821851320931,3,2,0
MW7,prevalence_confounded,higher_dimension_lower_error_or_mass,offline_RF_proxy,FalsePositiveRate,4,6,5,0.00995652000478679,0.00213073089828543,-0.00987973690935308,1,4,0
MW7,prevalence_confounded,higher_dimension_higher_error_or_mass,offline_RF_proxy,ZeroMass,4,6,5,0.00087738037109375,0.245529174804688,0.243148803710938,4,1,0
