ProblemId,Family,Dimension,Replicate,Method,ProbeSeed,RfSeed,ProbeCount,ProbeFeasibleCount,ProbeInfeasibleCount,ProbeFeasibleRate,PredictedFeasibleRate,TruePositive,FalsePositive,FalseNegative,TrueNegative,AUC,AveragePrecision,Brier,BalancedBrier,ECE10,FalsePositiveRate,FalseNegativeRate,FalseDiscoveryRate,BalancedAccuracy,BalancedError,DomainError,ConfidentFalsePositiveRate,ConfidentFalseNegativeRate,AmbiguousRate,ZeroMass,OneMass,PredictionFile
WELDEDBEAM,WELDEDBEAM,4,1,clipped_GP_mean,2026073101,2026073501,262144,87209,174935,0.332675933837891,0.351516723632812,76608,15540,10601,159395,0.949386361944329,0.918230877970334,0.0804285160193901,0.0838806314094421,0.0621384161020988,0.0888329951124704,0.121558554736323,0.168641750227894,0.894804225075603,0.105195774924397,0.0997200012207031,0.0383914025209363,0.0650276920959993,0.149303436279297,0.238128662109375,0.175052642822266,${PROJECT_ROOT}/analysis\dimension_matched_pof_study_20260726\results\matched_150eval_5seed_v2_20260726\runs\WELDEDBEAM_rep01\probe_predictions.mat
WELDEDBEAM,WELDEDBEAM,4,1,offline_RF_proxy,2026073101,2026073501,262144,87209,174935,0.332675933837891,0.406272888183594,81487,25015,5722,149920,0.965222939491924,0.935462061582448,0.0997645370580441,0.0926510421018509,0.13965677406422,0.142995969931689,0.065612494123313,0.234878218249423,0.895695767972499,0.104304232027501,0.117252349853516,0.0443536170577643,0.005297618365077,0.2757568359375,0,0.00546646118164062,${PROJECT_ROOT}/analysis\dimension_matched_pof_study_20260726\results\matched_150eval_5seed_v2_20260726\runs\WELDEDBEAM_rep01\probe_predictions.mat
WELDEDBEAM,WELDEDBEAM,4,2,clipped_GP_mean,2026073101,2026073502,262144,87209,174935,0.332675933837891,0.378055572509766,76324,22781,10885,152154,0.943610284397513,0.910025263287091,0.091768658577167,0.0921004174296165,0.0757359766948511,0.130225512333152,0.124815099359011,0.229867312446395,0.872479694153918,0.127520305846082,0.128425598144531,0.0645382570669106,0.0775493355043631,0.143234252929688,0.311092376708984,0.189727783203125,${PROJECT_ROOT}/analysis\dimension_matched_pof_study_20260726\results\matched_150eval_5seed_v2_20260726\runs\WELDEDBEAM_rep02\probe_predictions.mat
WELDEDBEAM,WELDEDBEAM,4,2,offline_RF_proxy,2026073101,2026073502,262144,87209,174935,0.332675933837891,0.493583679199219,83560,45830,3649,129105,0.963358827604607,0.944169296192128,0.121339211768878,0.101422293184915,0.181313002437509,0.261983022265413,0.041842011718974,0.354200479171497,0.848087483007807,0.151912516992193,0.188747406005859,0.0900848886729357,0.0135421802795583,0.280986785888672,0,0.0041046142578125,${PROJECT_ROOT}/analysis\dimension_matched_pof_study_20260726\results\matched_150eval_5seed_v2_20260726\runs\WELDEDBEAM_rep02\probe_predictions.mat
WELDEDBEAM,WELDEDBEAM,4,3,clipped_GP_mean,2026073101,2026073503,262144,87209,174935,0.332675933837891,0.352756500244141,75023,17450,12186,157485,0.946777998932815,0.913225298072761,0.0906907925169957,0.091242910429699,0.0836061248438522,0.0997513362105925,0.139733284408719,0.188703729737329,0.880257689690344,0.119742310309656,0.113052368164062,0.0463886586446394,0.0605671432994301,0.177883148193359,0.127998352050781,0.173053741455078,${PROJECT_ROOT}/analysis\dimension_matched_pof_study_20260726\results\matched_150eval_5seed_v2_20260726\runs\WELDEDBEAM_rep03\probe_predictions.mat
WELDEDBEAM,WELDEDBEAM,4,3,offline_RF_proxy,2026073101,2026073503,262144,87209,174935,0.332675933837891,0.435291290283203,80512,33597,6697,141338,0.940157307362455,0.895382986542277,0.11343215040664,0.102846938516332,0.125709476496178,0.192054191556864,0.0767925328807807,0.294429010858039,0.865576637781178,0.134423362218822,0.153709411621094,0.0950181495984223,0.0362577256934491,0.201972961425781,0,0.00146484375,${PROJECT_ROOT}/analysis\dimension_matched_pof_study_20260726\results\matched_150eval_5seed_v2_20260726\runs\WELDEDBEAM_rep03\probe_predictions.mat
WELDEDBEAM,WELDEDBEAM,4,4,clipped_GP_mean,2026073101,2026073504,262144,87209,174935,0.332675933837891,0.361457824707031,75263,19491,11946,155444,0.945115678038197,0.904067186837806,0.0929730156076866,0.0931791609685137,0.0724734661903405,0.111418526881413,0.13698127486842,0.205701078582435,0.875800099125084,0.124199900874916,0.119922637939453,0.0488924457655701,0.0613354126294305,0.201511383056641,0.225925445556641,0.1640625,${PROJECT_ROOT}/analysis\dimension_matched_pof_study_20260726\results\matched_150eval_5seed_v2_20260726\runs\WELDEDBEAM_rep04\probe_predictions.mat
WELDEDBEAM,WELDEDBEAM,4,4,offline_RF_proxy,2026073101,2026073504,262144,87209,174935,0.332675933837891,0.503669738769531,84642,47392,2567,127543,0.943404037097982,0.895585146907689,0.137762008040226,0.114298700267668,0.181385754529762,0.270912053048275,0.0294350353747893,0.358937849341836,0.849826455788468,0.150173544211532,0.190578460693359,0.140892331437391,0.0148493848112007,0.256862640380859,0,0.00046539306640625,${PROJECT_ROOT}/analysis\dimension_matched_pof_study_20260726\results\matched_150eval_5seed_v2_20260726\runs\WELDEDBEAM_rep04\probe_predictions.mat
WELDEDBEAM,WELDEDBEAM,4,5,clipped_GP_mean,2026073101,2026073505,262144,87209,174935,0.332675933837891,0.338901519775391,73590,15251,13619,159684,0.93980791717514,0.907353424036883,0.089974991311941,0.0969591716477912,0.0605129259492352,0.0871809529253723,0.156165074705592,0.171666235184205,0.878326986184518,0.121673013815482,0.110130310058594,0.031514562551805,0.0857594972995906,0.194564819335938,0.222785949707031,0.14605712890625,${PROJECT_ROOT}/analysis\dimension_matched_pof_study_20260726\results\matched_150eval_5seed_v2_20260726\runs\WELDEDBEAM_rep05\probe_predictions.mat
WELDEDBEAM,WELDEDBEAM,4,5,offline_RF_proxy,2026073101,2026073505,262144,87209,174935,0.332675933837891,0.490642547607422,84882,43737,2327,131198,0.950290269953783,0.909041610902109,0.126713184322498,0.106887465180818,0.164040322417305,0.250018578329094,0.0266830258344896,0.340050847852961,0.861649197918208,0.138350802081792,0.17572021484375,0.119204275873896,0.00705202444701808,0.264507293701172,0,0.000640869140625,${PROJECT_ROOT}/analysis\dimension_matched_pof_study_20260726\results\matched_150eval_5seed_v2_20260726\runs\WELDEDBEAM_rep05\probe_predictions.mat
CF1_D4,CF1,4,1,clipped_GP_mean,2026073102,2026073601,262144,130171,131973,0.496562957763672,0.327259063720703,65150,20639,65021,111334,0.779167975755518,0.690002514049747,0.215577500750443,0.216276007622054,0.168206012573262,0.156388049070643,0.499504497929646,0.240578628961755,0.672053726499855,0.327946273500145,0.326766967773438,0.0521924939192107,0.178972274930668,0.507328033447266,0.160362243652344,0.00788116455078125,${PROJECT_ROOT}/analysis\dimension_matched_pof_study_20260726\results\matched_150eval_5seed_v2_20260726\runs\CF1_D4_rep01\probe_predictions.mat
CF1_D4,CF1,4,1,offline_RF_proxy,2026073102,2026073601,262144,130171,131973,0.496562957763672,0.220882415771484,43072,14831,87099,117142,0.717670008000578,0.673085880616727,0.242075698378255,0.243047605691314,0.163640031978567,0.112379047229358,0.669112167840763,0.25613526069461,0.60925439246494,0.39074560753506,0.388832092285156,0.0345979859516719,0.353158537615905,0.421886444091797,0,0,${PROJECT_ROOT}/analysis\dimension_matched_pof_study_20260726\results\matched_150eval_5seed_v2_20260726\runs\CF1_D4_rep01\probe_predictions.mat
CF1_D4,CF1,4,2,clipped_GP_mean,2026073102,2026073602,262144,130171,131973,0.496562957763672,0.239463806152344,49165,13609,81006,118364,0.78869415692783,0.711467673537906,0.231697527965011,0.232708425048658,0.216815575582716,0.103119577489335,0.62230450714829,0.216793576958613,0.637287957681188,0.362712042318812,0.360927581787109,0.0438423010767354,0.281621866621598,0.413948059082031,0.242515563964844,0.0074310302734375,${PROJECT_ROOT}/analysis\dimension_matched_pof_study_20260726\results\matched_150eval_5seed_v2_20260726\runs\CF1_D4_rep02\probe_predictions.mat
CF1_D4,CF1,4,2,offline_RF_proxy,2026073102,2026073602,262144,130171,131973,0.496562957763672,0.164081573486328,36139,6874,94032,125099,0.75174689952894,0.738615223375842,0.258708919731068,0.260120509747409,0.234426903876047,0.0520864116144969,0.722372878751796,0.159812149815172,0.612770354816854,0.387229645183146,0.384925842285156,0.00681199942412463,0.50316122638683,0.302539825439453,0,0,${PROJECT_ROOT}/analysis\dimension_matched_pof_study_20260726\results\matched_150eval_5seed_v2_20260726\runs\CF1_D4_rep02\probe_predictions.mat
CF1_D4,CF1,4,3,clipped_GP_mean,2026073102,2026073603,262144,130171,131973,0.496562957763672,0.288341522216797,63078,12509,67093,119464,0.818496442995437,0.764944674217583,0.207393335712816,0.208228614708053,0.182405794682151,0.0947845392618187,0.515422021802091,0.165491420482358,0.694896719468045,0.305103280531955,0.303657531738281,0.0385457631485228,0.214686835009334,0.433605194091797,0.222362518310547,0.0141487121582031,${PROJECT_ROOT}/analysis\dimension_matched_pof_study_20260726\results\matched_150eval_5seed_v2_20260726\runs\CF1_D4_rep03\probe_predictions.mat
CF1_D4,CF1,4,3,offline_RF_proxy,2026073102,2026073603,262144,130171,131973,0.496562957763672,0.190586090087891,40068,9893,90103,122080,0.770622429586887,0.740284613137569,0.227793297758495,0.228778827622152,0.164741130568994,0.0749623028952892,0.692189504574752,0.198014451271992,0.61642409626498,0.38357590373502,0.381454467773438,0.0166170353026755,0.335573975770333,0.404167175292969,0,0,${PROJECT_ROOT}/analysis\dimension_matched_pof_study_20260726\results\matched_150eval_5seed_v2_20260726\runs\CF1_D4_rep03\probe_predictions.mat
CF1_D4,CF1,4,4,clipped_GP_mean,2026073102,2026073604,262144,130171,131973,0.496562957763672,0.252941131591797,53637,12670,76534,119303,0.804784976309663,0.74380558869097,0.218042340214599,0.218916604373718,0.194836827098873,0.0960044857660279,0.587949696937106,0.19108088135491,0.658022908648433,0.341977091351567,0.340286254882812,0.0495101270714464,0.245815120111238,0.391098022460938,0.229465484619141,0.0216407775878906,${PROJECT_ROOT}/analysis\dimension_matched_pof_study_20260726\results\matched_150eval_5seed_v2_20260726\runs\CF1_D4_rep04\probe_predictions.mat
CF1_D4,CF1,4,4,offline_RF_proxy,2026073102,2026073604,262144,130171,131973,0.496562957763672,0.146064758300781,29913,8377,100258,123596,0.76684928406121,0.730439636863436,0.247272466893236,0.248509558561474,0.203482418135992,0.0634751047562759,0.770202272395541,0.218777748759467,0.583161311424091,0.416838688575909,0.414409637451172,0.0148590999674176,0.490209032733865,0.291183471679688,0,0,${PROJECT_ROOT}/analysis\dimension_matched_pof_study_20260726\results\matched_150eval_5seed_v2_20260726\runs\CF1_D4_rep04\probe_predictions.mat
CF1_D4,CF1,4,5,clipped_GP_mean,2026073102,2026073605,262144,130171,131973,0.496562957763672,0.294647216796875,63997,13243,66174,118730,0.808445825802036,0.767799117512348,0.205038594254779,0.205794535625305,0.15628160864764,0.100346282951816,0.508362077574882,0.171452615225272,0.695645819736651,0.304354180263349,0.302951812744141,0.0362195297522978,0.213764970692397,0.435680389404297,0.175209045410156,0.0112152099609375,${PROJECT_ROOT}/analysis\dimension_matched_pof_study_20260726\results\matched_150eval_5seed_v2_20260726\runs\CF1_D4_rep05\probe_predictions.mat
CF1_D4,CF1,4,5,offline_RF_proxy,2026073102,2026073605,262144,130171,131973,0.496562957763672,0.201469421386719,47812,5002,82359,126971,0.805951190296458,0.816732311343161,0.212686059002079,0.213575560507945,0.150790717475629,0.0379016920127602,0.632698527321754,0.0947097360548339,0.664699890332743,0.335300109667257,0.333255767822266,0.00134118342388216,0.256585568214118,0.493240356445312,0,0,${PROJECT_ROOT}/analysis\dimension_matched_pof_study_20260726\results\matched_150eval_5seed_v2_20260726\runs\CF1_D4_rep05\probe_predictions.mat
CF1_D10,CF1,10,1,clipped_GP_mean,2026073102,2026073601,262144,137352,124792,0.523956298828125,0.165863037109375,32701,10779,104651,114013,0.650286756964393,0.662531058726511,0.353497561977675,0.340343538816667,0.32935621678802,0.0863757292134111,0.761918282951832,0.247907083716651,0.575852993917379,0.424147006082621,0.440330505371094,0.0433441246233733,0.643572718271303,0.162754058837891,0.436798095703125,0.0279541015625,${PROJECT_ROOT}/analysis\dimension_matched_pof_study_20260726\results\matched_150eval_5seed_v2_20260726\runs\CF1_D10_rep01\probe_predictions.mat
CF1_D10,CF1,10,1,offline_RF_proxy,2026073102,2026073601,262144,137352,124792,0.523956298828125,0.237911224365234,46326,16041,91026,108751,0.688330903299892,0.698969826621702,0.246663578136763,0.240893478383903,0.152502625795899,0.128541893711135,0.662720601083348,0.257203328683438,0.604368752602758,0.395631247397242,0.408428192138672,0.0247131226360664,0.350078630089114,0.454868316650391,0,0,${PROJECT_ROOT}/analysis\dimension_matched_pof_study_20260726\results\matched_150eval_5seed_v2_20260726\runs\CF1_D10_rep01\probe_predictions.mat
CF1_D10,CF1,10,2,clipped_GP_mean,2026073102,2026073602,262144,137352,124792,0.523956298828125,0.165035247802734,31025,12238,106327,112554,0.649978812866224,0.654948993215853,0.342915437789572,0.330655220331207,0.311823511930538,0.0980671837938329,0.774120507892131,0.282874511707464,0.563906154157018,0.436093845842982,0.452289581298828,0.0446022180909033,0.627635564098084,0.197105407714844,0.345046997070312,0.0195808410644531,${PROJECT_ROOT}/analysis\dimension_matched_pof_study_20260726\results\matched_150eval_5seed_v2_20260726\runs\CF1_D10_rep02\probe_predictions.mat
CF1_D10,CF1,10,2,offline_RF_proxy,2026073102,2026073602,262144,137352,124792,0.523956298828125,0.290115356445312,50686,25366,86666,99426,0.636340481983769,0.658337213764504,0.247598214113262,0.243619257728302,0.109644500818203,0.203266235015065,0.630977342885433,0.333534949771209,0.582878211049751,0.417121788950249,0.4273681640625,0.0275418296044618,0.260818917816996,0.591552734375,0,0,${PROJECT_ROOT}/analysis\dimension_matched_pof_study_20260726\results\matched_150eval_5seed_v2_20260726\runs\CF1_D10_rep02\probe_predictions.mat
CF1_D10,CF1,10,3,clipped_GP_mean,2026073102,2026073603,262144,137352,124792,0.523956298828125,0.205371856689453,42088,11749,95264,113043,0.656535564438939,0.686596814101851,0.334110477256999,0.322087592669022,0.300791575645529,0.0941486633758574,0.693575630496826,0.218232813864071,0.606137853063658,0.393862146936342,0.408222198486328,0.0473988717225463,0.584760323839478,0.166732788085938,0.435585021972656,0.0418548583984375,${PROJECT_ROOT}/analysis\dimension_matched_pof_study_20260726\results\matched_150eval_5seed_v2_20260726\runs\CF1_D10_rep03\probe_predictions.mat
CF1_D10,CF1,10,3,offline_RF_proxy,2026073102,2026073603,262144,137352,124792,0.523956298828125,0.315692901611328,61462,21295,75890,103497,0.711121300864733,0.735132432464803,0.223489492374612,0.22033217347573,0.0891299454371136,0.170643951535355,0.552521987302697,0.257319622509274,0.638417030580974,0.361582969419026,0.370731353759766,0.0608452464901596,0.225733880831732,0.474868774414062,0,0,${PROJECT_ROOT}/analysis\dimension_matched_pof_study_20260726\results\matched_150eval_5seed_v2_20260726\runs\CF1_D10_rep03\probe_predictions.mat
CF1_D10,CF1,10,4,clipped_GP_mean,2026073102,2026073604,262144,137352,124792,0.523956298828125,0.220470428466797,43903,13892,93449,110900,0.680818514543584,0.696231769722628,0.306137283168209,0.295973788279904,0.264205596248034,0.111321238540932,0.680361407187373,0.240366813738213,0.604158677135848,0.395841322864152,0.409473419189453,0.0495544586191423,0.523414293202866,0.2301025390625,0.304954528808594,0.0249671936035156,${PROJECT_ROOT}/analysis\dimension_matched_pof_study_20260726\results\matched_150eval_5seed_v2_20260726\runs\CF1_D10_rep04\probe_predictions.mat
CF1_D10,CF1,10,4,offline_RF_proxy,2026073102,2026073604,262144,137352,124792,0.523956298828125,0.454395294189453,86750,32367,50602,92425,0.738644750359385,0.750872307650201,0.208488789676943,0.207668328096501,0.0368629278707754,0.259367587665876,0.368411089754791,0.271724438996953,0.686110661289667,0.313889338710333,0.316501617431641,0.0824251554586832,0.131814607723222,0.535118103027344,0,0,${PROJECT_ROOT}/analysis\dimension_matched_pof_study_20260726\results\matched_150eval_5seed_v2_20260726\runs\CF1_D10_rep04\probe_predictions.mat
CF1_D10,CF1,10,5,clipped_GP_mean,2026073102,2026073605,262144,137352,124792,0.523956298828125,0.224811553955078,43295,15638,94057,109154,0.678769301694582,0.679959963067014,0.308324231481028,0.298525182701075,0.268180766958505,0.125312520033335,0.684787989981944,0.265352179593776,0.59494974499236,0.40505025500764,0.418453216552734,0.0620151932816206,0.521193721241773,0.233078002929688,0.288322448730469,0.0283012390136719,${PROJECT_ROOT}/analysis\dimension_matched_pof_study_20260726\results\matched_150eval_5seed_v2_20260726\runs\CF1_D10_rep05\probe_predictions.mat
CF1_D10,CF1,10,5,offline_RF_proxy,2026073102,2026073605,262144,137352,124792,0.523956298828125,0.528034210205078,95530,42891,41822,81901,0.73199215440442,0.744708414093591,0.209910660733194,0.210056028112445,0.0319661566567792,0.343699916661324,0.304487739530549,0.309859053178347,0.675906171904063,0.324093828095937,0.323154449462891,0.11938265273415,0.134355524491817,0.483863830566406,0,0,${PROJECT_ROOT}/analysis\dimension_matched_pof_study_20260726\results\matched_150eval_5seed_v2_20260726\runs\CF1_D10_rep05\probe_predictions.mat
C2DTLZ2_D4_R02,C2DTLZ2_R02,4,1,clipped_GP_mean,2026073104,2026073801,262144,34193,227951,0.130435943603516,0.0327682495117188,7233,1357,26960,226594,0.520641559386728,0.317531888258238,0.181799992682513,0.257411925058355,0.261058129982693,0.00595303376602866,0.7884654753897,0.157974388824214,0.602790745422136,0.397209254577864,0.108020782470703,0.000153541769941786,0.267861843067294,0.725246429443359,0.0383682250976562,0.00510787963867188,${PROJECT_ROOT}/analysis\dimension_matched_pof_study_20260726\results\matched_150eval_5seed_v2_20260726\runs\C2DTLZ2_D4_R02_rep01\probe_predictions.mat
C2DTLZ2_D4_R02,C2DTLZ2_R02,4,1,offline_RF_proxy,2026073104,2026073801,262144,34193,227951,0.130435943603516,0.0978431701660156,13629,12020,20564,215931,0.775975825708788,0.480298377628655,0.100617938462961,0.238041616299729,0.0829355132769021,0.0527306307057218,0.601409645249028,0.468634254746774,0.672929862022625,0.327070137977375,0.124298095703125,0.00366306794003975,0.309741760009359,0.2403564453125,0.00258636474609375,2.288818359375e-05,${PROJECT_ROOT}/analysis\dimension_matched_pof_study_20260726\results\matched_150eval_5seed_v2_20260726\runs\C2DTLZ2_D4_R02_rep01\probe_predictions.mat
C2DTLZ2_D4_R02,C2DTLZ2_R02,4,2,clipped_GP_mean,2026073104,2026073802,262144,34193,227951,0.130435943603516,0.0934715270996094,11617,12886,22576,215065,0.586772620600835,0.36908190475815,0.169129320391084,0.248627639559907,0.235008042611081,0.0565296927848529,0.66025209838271,0.525894788393258,0.641609104416219,0.358390895583781,0.135276794433594,0.0129984075525003,0.365952095458135,0.587665557861328,0.0521583557128906,0.0117149353027344,${PROJECT_ROOT}/analysis\dimension_matched_pof_study_20260726\results\matched_150eval_5seed_v2_20260726\runs\C2DTLZ2_D4_R02_rep02\probe_predictions.mat
C2DTLZ2_D4_R02,C2DTLZ2_R02,4,2,offline_RF_proxy,2026073104,2026073802,262144,34193,227951,0.130435943603516,0.158218383789062,17885,23591,16308,204360,0.767057426180656,0.459655075975275,0.112826710146257,0.218192410017206,0.0955155887931743,0.103491539848476,0.476939724505016,0.568786768251519,0.709784367823254,0.290215632176746,0.152202606201172,0.0369333760325684,0.281548855028807,0.234443664550781,0,0,${PROJECT_ROOT}/analysis\dimension_matched_pof_study_20260726\results\matched_150eval_5seed_v2_20260726\runs\C2DTLZ2_D4_R02_rep02\probe_predictions.mat
C2DTLZ2_D4_R02,C2DTLZ2_R02,4,3,clipped_GP_mean,2026073104,2026073803,262144,34193,227951,0.130435943603516,0.111808776855469,14191,15119,20002,212832,0.650241549934624,0.435947864139155,0.156567684224083,0.239075108437557,0.219310497666417,0.0663256577071388,0.584973532594391,0.5158307744797,0.674350404849235,0.325649595150765,0.133975982666016,0.0123666928418827,0.371859737373147,0.510772705078125,0.0683364868164062,0.0111808776855469,${PROJECT_ROOT}/analysis\dimension_matched_pof_study_20260726\results\matched_150eval_5seed_v2_20260726\runs\C2DTLZ2_D4_R02_rep03\probe_predictions.mat
C2DTLZ2_D4_R02,C2DTLZ2_R02,4,3,offline_RF_proxy,2026073104,2026073803,262144,34193,227951,0.130435943603516,0.100841522216797,14840,11595,19353,216356,0.902832230150194,0.572040298767225,0.0904273543463387,0.176231755672722,0.106555521273739,0.0508661949278573,0.565993039511011,0.438623037639493,0.691570382780566,0.308429617219434,0.118057250976562,0.00377712754056793,0.180387798672243,0.249004364013672,0,0,${PROJECT_ROOT}/analysis\dimension_matched_pof_study_20260726\results\matched_150eval_5seed_v2_20260726\runs\C2DTLZ2_D4_R02_rep03\probe_predictions.mat
C2DTLZ2_D4_R02,C2DTLZ2_R02,4,4,clipped_GP_mean,2026073104,2026073804,262144,34193,227951,0.130435943603516,0.124622344970703,14615,18054,19578,209897,0.637935668424646,0.453053149503839,0.160033224045194,0.235005025411779,0.226944611592661,0.0792012318436857,0.572573333723277,0.552633995530932,0.674112717216519,0.325887282783481,0.1435546875,0.0115507280073349,0.379814581931974,0.539165496826172,0.058380126953125,0.010986328125,${PROJECT_ROOT}/analysis\dimension_matched_pof_study_20260726\results\matched_150eval_5seed_v2_20260726\runs\C2DTLZ2_D4_R02_rep04\probe_predictions.mat
C2DTLZ2_D4_R02,C2DTLZ2_R02,4,4,offline_RF_proxy,2026073104,2026073804,262144,34193,227951,0.130435943603516,0.121780395507812,15424,16500,18769,211451,0.883625041657421,0.530010192102202,0.0931509695282052,0.180495666828567,0.0965223005335166,0.0723839772582704,0.548913520311175,0.516852524746272,0.689351251215277,0.310648748784723,0.134540557861328,0.0123798535650206,0.249524756529114,0.220207214355469,0,0,${PROJECT_ROOT}/analysis\dimension_matched_pof_study_20260726\results\matched_150eval_5seed_v2_20260726\runs\C2DTLZ2_D4_R02_rep04\probe_predictions.mat
C2DTLZ2_D4_R02,C2DTLZ2_R02,4,5,clipped_GP_mean,2026073104,2026073805,262144,34193,227951,0.130435943603516,0.0707321166992188,9716,8826,24477,219125,0.558417001026845,0.34953239912266,0.216352685659775,0.233896534902243,0.332584464082749,0.0387188474716057,0.715848273038341,0.476000431452918,0.622716439745027,0.377283560254973,0.127040863037109,0.000868607727099245,0.0345684789284356,0.910282135009766,0.0102958679199219,0.00431442260742188,${PROJECT_ROOT}/analysis\dimension_matched_pof_study_20260726\results\matched_150eval_5seed_v2_20260726\runs\C2DTLZ2_D4_R02_rep05\probe_predictions.mat
C2DTLZ2_D4_R02,C2DTLZ2_R02,4,5,offline_RF_proxy,2026073104,2026073805,262144,34193,227951,0.130435943603516,0.080352783203125,12302,8762,21891,219189,0.7305425135195,0.461175170225193,0.100779791818073,0.284000855380241,0.0748946430569602,0.0384380853779979,0.640218758225368,0.415970375996962,0.660671578198317,0.339328421801683,0.116931915283203,0.00483875920702256,0.50314391834586,0.148372650146484,0,0.0001220703125,${PROJECT_ROOT}/analysis\dimension_matched_pof_study_20260726\results\matched_150eval_5seed_v2_20260726\runs\C2DTLZ2_D4_R02_rep05\probe_predictions.mat
C2DTLZ2_D6_R02,C2DTLZ2_R02,6,1,clipped_GP_mean,2026073104,2026073801,262144,7360,254784,0.028076171875,0.0207557678222656,1304,4137,6056,250647,0.334845943460718,0.129739599302355,0.14544938620108,0.356841645037966,0.326988167943403,0.016237283345893,0.822826086956522,0.760338173129939,0.580468314848793,0.419531685151207,0.0388832092285156,0.00215084149711128,0.685733695652174,0.621875762939453,0.0269317626953125,0.000698089599609375,${PROJECT_ROOT}/analysis\dimension_matched_pof_study_20260726\results\matched_150eval_5seed_v2_20260726\runs\C2DTLZ2_D6_R02_rep01\probe_predictions.mat
C2DTLZ2_D6_R02,C2DTLZ2_R02,6,1,offline_RF_proxy,2026073104,2026073801,262144,7360,254784,0.028076171875,0.0691261291503906,2638,15483,4722,239301,0.69194230962604,0.207062863065752,0.0557286144452596,0.298613970839965,0.0828284138724917,0.0607691220798794,0.641576086956522,0.854423045085812,0.648827395481799,0.351172604518201,0.0770759582519531,0.0193889726199447,0.530163043478261,0.103450775146484,0.006683349609375,2.6702880859375e-05,${PROJECT_ROOT}/analysis\dimension_matched_pof_study_20260726\results\matched_150eval_5seed_v2_20260726\runs\C2DTLZ2_D6_R02_rep01\probe_predictions.mat
C2DTLZ2_D6_R02,C2DTLZ2_R02,6,2,clipped_GP_mean,2026073104,2026073802,262144,7360,254784,0.028076171875,0,0,0,7360,254784,0.5,0.028076171875,0.028076171875,0.5,0.028076171875,0,1,NaN,0.5,0.5,0.028076171875,0,1,0,1,0,${PROJECT_ROOT}/analysis\dimension_matched_pof_study_20260726\results\matched_150eval_5seed_v2_20260726\runs\C2DTLZ2_D6_R02_rep02\probe_predictions.mat
C2DTLZ2_D6_R02,C2DTLZ2_R02,6,2,offline_RF_proxy,2026073104,2026073802,262144,7360,254784,0.028076171875,0,0,0,7360,254784,0.5,0.028076171875,0.0277500311093313,0.493464335180033,0.0214972245065788,0,1,NaN,0.5,0.5,0.028076171875,0,1,0,0,0,${PROJECT_ROOT}/analysis\dimension_matched_pof_study_20260726\results\matched_150eval_5seed_v2_20260726\runs\C2DTLZ2_D6_R02_rep02\probe_predictions.mat
C2DTLZ2_D6_R02,C2DTLZ2_R02,6,3,clipped_GP_mean,2026073104,2026073803,262144,7360,254784,0.028076171875,0.0121383666992188,1353,1829,6007,252955,0.590562670455554,0.176227941775651,0.0283842699461726,0.403475968209542,0.0326740411922446,0.00717862974127104,0.81616847826087,0.574795725958517,0.58832644599893,0.41167355400107,0.0298919677734375,0.00270032655111781,0.791983695652174,0.015228271484375,0.927989959716797,0.00171279907226562,${PROJECT_ROOT}/analysis\dimension_matched_pof_study_20260726\results\matched_150eval_5seed_v2_20260726\runs\C2DTLZ2_D6_R02_rep03\probe_predictions.mat
C2DTLZ2_D6_R02,C2DTLZ2_R02,6,3,offline_RF_proxy,2026073104,2026073803,262144,7360,254784,0.028076171875,0.00572586059570312,725,776,6635,254008,0.746780400473922,0.161603821984351,0.0286293200771455,0.400503499876521,0.025756715731646,0.00304571715649334,0.901494565217391,0.516988674217189,0.547729858813058,0.452270141186942,0.0282707214355469,0.000298291886460688,0.804347826086957,0.0191421508789062,0.0683479309082031,0,${PROJECT_ROOT}/analysis\dimension_matched_pof_study_20260726\results\matched_150eval_5seed_v2_20260726\runs\C2DTLZ2_D6_R02_rep03\probe_predictions.mat
C2DTLZ2_D6_R02,C2DTLZ2_R02,6,4,clipped_GP_mean,2026073104,2026073804,262144,7360,254784,0.028076171875,0,0,0,7360,254784,0.5,0.028076171875,0.028076171875,0.5,0.028076171875,0,1,NaN,0.5,0.5,0.028076171875,0,1,0,1,0,${PROJECT_ROOT}/analysis\dimension_matched_pof_study_20260726\results\matched_150eval_5seed_v2_20260726\runs\C2DTLZ2_D6_R02_rep04\probe_predictions.mat
C2DTLZ2_D6_R02,C2DTLZ2_R02,6,4,offline_RF_proxy,2026073104,2026073804,262144,7360,254784,0.028076171875,0,0,0,7360,254784,0.5,0.028076171875,0.0277500311093313,0.493464335180033,0.0214972245065788,0,1,NaN,0.5,0.5,0.028076171875,0,1,0,0,0,${PROJECT_ROOT}/analysis\dimension_matched_pof_study_20260726\results\matched_150eval_5seed_v2_20260726\runs\C2DTLZ2_D6_R02_rep04\probe_predictions.mat
C2DTLZ2_D6_R02,C2DTLZ2_R02,6,5,clipped_GP_mean,2026073104,2026073805,262144,7360,254784,0.028076171875,0.00510787963867188,563,776,6797,254008,0.595131959177015,0.108245368042177,0.0272667531050963,0.438633836725172,0.0259487219671304,0.00304571715649334,0.923505434782609,0.579536967886482,0.536724424030449,0.463275575969551,0.0288887023925781,0.00122849158502889,0.885190217391304,0.0076141357421875,0.956493377685547,0.000568389892578125,${PROJECT_ROOT}/analysis\dimension_matched_pof_study_20260726\results\matched_150eval_5seed_v2_20260726\runs\C2DTLZ2_D6_R02_rep05\probe_predictions.mat
C2DTLZ2_D6_R02,C2DTLZ2_R02,6,5,offline_RF_proxy,2026073104,2026073805,262144,7360,254784,0.028076171875,0,0,0,7360,254784,0.569338747051637,0.0438814244379611,0.0277651750914231,0.477043040935838,0.0189170672149254,0,1,NaN,0.5,0.5,0.028076171875,0,0.998913043478261,0.00020599365234375,0.508552551269531,0,${PROJECT_ROOT}/analysis\dimension_matched_pof_study_20260726\results\matched_150eval_5seed_v2_20260726\runs\C2DTLZ2_D6_R02_rep05\probe_predictions.mat
MW7_D4,MW7,4,1,clipped_GP_mean,2026073106,2026074001,262144,11454,250690,0.0436935424804688,0.0491409301757812,4981,7901,6473,242789,0.56803638476053,0.332369044961665,0.190907255622183,0.28287416364215,0.381911770637754,0.0315170130439986,0.56513008555963,0.613336438441236,0.701676450698186,0.298323549301814,0.0548324584960938,0.00465116279069767,0.325912345032303,0.811576843261719,0.0317726135253906,0.00272750854492188,${PROJECT_ROOT}/analysis\dimension_matched_pof_study_20260726\results\matched_150eval_5seed_v2_20260726\runs\MW7_D4_rep01\probe_predictions.mat
MW7_D4,MW7,4,1,offline_RF_proxy,2026073106,2026074001,262144,11454,250690,0.0436935424804688,0.02203369140625,2757,3019,8697,247671,0.856140340768437,0.352459406745166,0.0490165833891893,0.233299213247948,0.103563774767376,0.0120427619769436,0.759298061812467,0.522680055401662,0.614329588105295,0.385670411894705,0.0446929931640625,0.000223383461645857,0.448838833595251,0.0819549560546875,0,0,${PROJECT_ROOT}/analysis\dimension_matched_pof_study_20260726\results\matched_150eval_5seed_v2_20260726\runs\MW7_D4_rep01\probe_predictions.mat
MW7_D4,MW7,4,2,clipped_GP_mean,2026073106,2026074002,262144,11454,250690,0.0436935424804688,0.0318489074707031,3529,4820,7925,245870,0.414091904666849,0.219939331878461,0.21238116813742,0.318306022357859,0.407617370719963,0.0192269336630899,0.691898026890169,0.577314648460894,0.64443751972337,0.35556248027663,0.0486183166503906,0.0032949060592764,0.411210057621792,0.877895355224609,0.0253143310546875,0.00191879272460938,${PROJECT_ROOT}/analysis\dimension_matched_pof_study_20260726\results\matched_150eval_5seed_v2_20260726\runs\MW7_D4_rep02\probe_predictions.mat
MW7_D4,MW7,4,2,offline_RF_proxy,2026073106,2026074002,262144,11454,250690,0.0436935424804688,0.00799179077148438,1153,942,10301,249748,0.860033199237922,0.305254652539522,0.042699651276607,0.267528415870982,0.0755484757600009,0.00375762894411424,0.899336476340143,0.44964200477327,0.548452947357871,0.451547052642129,0.0428886413574219,0.000386932067493717,0.610179849834119,0.0474090576171875,0.000537872314453125,0,${PROJECT_ROOT}/analysis\dimension_matched_pof_study_20260726\results\matched_150eval_5seed_v2_20260726\runs\MW7_D4_rep02\probe_predictions.mat
MW7_D4,MW7,4,3,clipped_GP_mean,2026073106,2026074003,262144,11454,250690,0.0436935424804688,0.0196495056152344,3679,1472,7775,249218,0.677190230674879,0.386738570002808,0.136473378973655,0.243724136258688,0.306074851735251,0.00587179384897682,0.678802165182469,0.285769753445933,0.657663020484277,0.342336979515723,0.0352745056152344,0.00105708245243129,0.252662825213899,0.645881652832031,0.0370368957519531,0.003509521484375,${PROJECT_ROOT}/analysis\dimension_matched_pof_study_20260726\results\matched_150eval_5seed_v2_20260726\runs\MW7_D4_rep03\probe_predictions.mat
MW7_D4,MW7,4,3,offline_RF_proxy,2026073106,2026074003,262144,11454,250690,0.0436935424804688,0.023040771484375,3544,2496,7910,248194,0.833227179313016,0.410733211015456,0.0359750354442088,0.280328817844983,0.0280517003649757,0.00995652000478679,0.690588440719399,0.413245033112583,0.649727519637907,0.350272480362093,0.0396957397460938,0.00100123658701983,0.591409114719749,0.0358352661132812,0.130580902099609,0,${PROJECT_ROOT}/analysis\dimension_matched_pof_study_20260726\results\matched_150eval_5seed_v2_20260726\runs\MW7_D4_rep03\probe_predictions.mat
MW7_D4,MW7,4,4,clipped_GP_mean,2026073106,2026074004,262144,11454,250690,0.0436935424804688,0.0123939514160156,2077,1172,9377,249518,0.3968493840186,0.181071316177948,0.137511697227611,0.333945630511726,0.295960145671212,0.00467509673301687,0.818665968220709,0.360726377346876,0.588329467523137,0.411670532476863,0.0402412414550781,0.00189078144321672,0.632093591758338,0.597175598144531,0.0489463806152344,0.00211334228515625,${PROJECT_ROOT}/analysis\dimension_matched_pof_study_20260726\results\matched_150eval_5seed_v2_20260726\runs\MW7_D4_rep04\probe_predictions.mat
MW7_D4,MW7,4,4,offline_RF_proxy,2026073106,2026074004,262144,11454,250690,0.0436935424804688,0.00629425048828125,949,701,10505,249989,0.865292492389244,0.292884545781034,0.0360311455573574,0.332634554503355,0.0142264235839642,0.00279628226095975,0.917146848262616,0.424848484848485,0.540028434738212,0.459971565261788,0.0427474975585938,0.000183493557780526,0.845905360572726,0.0150108337402344,0.148963928222656,0,${PROJECT_ROOT}/analysis\dimension_matched_pof_study_20260726\results\matched_150eval_5seed_v2_20260726\runs\MW7_D4_rep04\probe_predictions.mat
MW7_D4,MW7,4,5,clipped_GP_mean,2026073106,2026074005,262144,11454,250690,0.0436935424804688,0.0148696899414062,2425,1473,9029,249217,0.455979628928888,0.220186411403997,0.199552342132308,0.283234361081254,0.386783918570184,0.00587578283936336,0.788283569058844,0.377886095433556,0.602920324050896,0.397079675949104,0.0400619506835938,0.00117276317364075,0.275275013095862,0.853744506835938,0.0244407653808594,0.00271987915039062,${PROJECT_ROOT}/analysis\dimension_matched_pof_study_20260726\results\matched_150eval_5seed_v2_20260726\runs\MW7_D4_rep05\probe_predictions.mat
MW7_D4,MW7,4,5,offline_RF_proxy,2026073106,2026074005,262144,11454,250690,0.0436935424804688,0.021514892578125,2441,3199,9013,247491,0.790458113675054,0.28261591533799,0.0457651422894896,0.287225934198291,0.0599532382198118,0.0127607802465196,0.786886677143356,0.567198581560284,0.600176271305062,0.399823728694938,0.0465850830078125,0.0031991702899996,0.601187358128165,0.0562248229980469,0.00087738037109375,0,${PROJECT_ROOT}/analysis\dimension_matched_pof_study_20260726\results\matched_150eval_5seed_v2_20260726\runs\MW7_D4_rep05\probe_predictions.mat
MW7_D6,MW7,6,1,clipped_GP_mean,2026073106,2026074001,262144,1670,260474,0.00637054443359375,0.0044097900390625,429,727,1241,259747,0.764780911391434,0.191704615282379,0.00657284851354341,0.326075327536251,0.00665245892074628,0.00279106551901533,0.74311377245509,0.628892733564014,0.627047581012947,0.372952418987053,0.00750732421875,0.0014780745870989,0.660479041916168,0.00509262084960938,0.972335815429688,0.00095367431640625,${PROJECT_ROOT}/analysis\dimension_matched_pof_study_20260726\results\matched_150eval_5seed_v2_20260726\runs\MW7_D6_rep01\probe_predictions.mat
MW7_D6,MW7,6,1,offline_RF_proxy,2026073106,2026074001,262144,1670,260474,0.00637054443359375,0.00042724609375,49,63,1621,260411,0.952294745567259,0.138537616799976,0.00701250395816565,0.340957200090857,0.0197692670267095,0.000241866750616184,0.970658682634731,0.5625,0.514549725307327,0.485450274692673,0.0064239501953125,3.83915477168547e-06,0.862275449101796,0.00521469116210938,0.259681701660156,0,${PROJECT_ROOT}/analysis\dimension_matched_pof_study_20260726\results\matched_150eval_5seed_v2_20260726\runs\MW7_D6_rep01\probe_predictions.mat
MW7_D6,MW7,6,2,clipped_GP_mean,2026073106,2026074002,262144,1670,260474,0.00637054443359375,0.00287628173828125,458,296,1212,260178,0.42176457185677,0.226985501919002,0.14223056625202,0.315199509878227,0.352080095297146,0.0011363898124189,0.725748502994012,0.392572944297082,0.636557553596785,0.363442446403215,0.0057525634765625,0.000360880548538434,0.573652694610778,0.695999145507812,0.0181999206542969,0.0004425048828125,${PROJECT_ROOT}/analysis\dimension_matched_pof_study_20260726\results\matched_150eval_5seed_v2_20260726\runs\MW7_D6_rep02\probe_predictions.mat
MW7_D6,MW7,6,2,offline_RF_proxy,2026073106,2026074002,262144,1670,260474,0.00637054443359375,0.0190963745117188,633,4373,1037,256101,0.8385130937477,0.231701924427786,0.0257627110304564,0.240167576202863,0.0953287175723485,0.0167886238165805,0.620958083832335,0.873551737914503,0.681126646175542,0.318873353824458,0.0206375122070312,0.00379692406919693,0.510778443113772,0.0482025146484375,0.000560760498046875,0,${PROJECT_ROOT}/analysis\dimension_matched_pof_study_20260726\results\matched_150eval_5seed_v2_20260726\runs\MW7_D6_rep02\probe_predictions.mat
MW7_D6,MW7,6,3,clipped_GP_mean,2026073106,2026074003,262144,1670,260474,0.00637054443359375,0.00426101684570312,403,714,1267,259760,0.719176783835678,0.184234895384122,0.00661895885095559,0.344666843657318,0.00703827643791603,0.00274115650698342,0.758682634730539,0.639212175470009,0.619288104381239,0.380711895618761,0.00755691528320312,0.00128995600328632,0.697005988023952,0.00490188598632812,0.973567962646484,0.000701904296875,${PROJECT_ROOT}/analysis\dimension_matched_pof_study_20260726\results\matched_150eval_5seed_v2_20260726\runs\MW7_D6_rep03\probe_predictions.mat
MW7_D6,MW7,6,3,offline_RF_proxy,2026073106,2026074003,262144,1670,260474,0.00637054443359375,0.000244140625,44,20,1626,260454,0.896160122225814,0.147356983908655,0.00685337905295898,0.37364964311496,0.0123433443225881,7.67830954337093e-05,0.973652694610778,0.3125,0.513135261146894,0.486864738853106,0.00627899169921875,0,0.847305389221557,0.00314712524414062,0.373729705810547,0,${PROJECT_ROOT}/analysis\dimension_matched_pof_study_20260726\results\matched_150eval_5seed_v2_20260726\runs\MW7_D6_rep03\probe_predictions.mat
MW7_D6,MW7,6,4,clipped_GP_mean,2026073106,2026074004,262144,1670,260474,0.00637054443359375,0.00429153442382812,485,640,1185,259834,0.462713138033614,0.200442175656707,0.118904507661362,0.313637848092002,0.316649750044136,0.0024570590538787,0.709580838323353,0.568888888888889,0.643981051311384,0.356018948688616,0.00696182250976562,0.000879166442715972,0.559880239520958,0.562896728515625,0.0211982727050781,0.000591278076171875,${PROJECT_ROOT}/analysis\dimension_matched_pof_study_20260726\results\matched_150eval_5seed_v2_20260726\runs\MW7_D6_rep04\probe_predictions.mat
MW7_D6,MW7,6,4,offline_RF_proxy,2026073106,2026074004,262144,1670,260474,0.00637054443359375,0.00413131713867188,360,723,1310,259751,0.959373281432252,0.241226765027684,0.0146728866392947,0.221587275099197,0.0695918024406231,0.00277570889992859,0.784431137724551,0.667590027700831,0.60639657668776,0.39360342331224,0.00775527954101562,0.000188118583812588,0.488622754491018,0.0197105407714844,0.0280532836914062,0,${PROJECT_ROOT}/analysis\dimension_matched_pof_study_20260726\results\matched_150eval_5seed_v2_20260726\runs\MW7_D6_rep04\probe_predictions.mat
MW7_D6,MW7,6,5,clipped_GP_mean,2026073106,2026074005,262144,1670,260474,0.00637054443359375,0.00128173828125,169,167,1501,260307,0.21544261960197,0.0737820832576906,0.104870746135205,0.421445237869468,0.294174676240211,0.000641138846871473,0.898802395209581,0.49702380952381,0.550278232971774,0.449721767028226,0.0063629150390625,0.000291775762648095,0.847904191616766,0.463272094726562,0.0315628051757812,0.000255584716796875,${PROJECT_ROOT}/analysis\dimension_matched_pof_study_20260726\results\matched_150eval_5seed_v2_20260726\runs\MW7_D6_rep05\probe_predictions.mat
MW7_D6,MW7,6,5,offline_RF_proxy,2026073106,2026074005,262144,1670,260474,0.00637054443359375,0.00329208374023438,308,555,1362,259919,0.794453638619856,0.1699191052545,0.00840423250823891,0.370853642353371,0.0166014492070233,0.00213073089828543,0.815568862275449,0.643105446118192,0.591150203413133,0.408849796586867,0.00731277465820312,0.000303293226963152,0.761676646706587,0.00807952880859375,0.245529174804688,0,${PROJECT_ROOT}/analysis\dimension_matched_pof_study_20260726\results\matched_150eval_5seed_v2_20260726\runs\MW7_D6_rep05\probe_predictions.mat
