ProblemId,Family,Dimension,Replicate,Status,InitialSeed,SolverSeed,ProbeSeed,RfSeed,InitialCount,SequentialBudget,TotalEvaluations,InitialFeasibleCount,FinalFeasibleCount,SequentialFeasibleCount,SequentialFeasibleRate,FirstFeasibleEvaluation,FinalParetoCount,PrimarySelections,ChallengerSelections,FallbackSelections,ProbeCount,ProbeFeasibleCount,ProbeInfeasibleCount,ProbeFeasibleRate,PofTrainingLengthMinimum,PofTrainingLengthMaximum,WallTimeSeconds,MeanAcquisitionSeconds,ResultDirectory,ResultFile,PredictionFile,ErrorIdentifier,ErrorMessage
WELDEDBEAM,WELDEDBEAM,4,1,completed,2026073201,2026073301,2026073101,2026073501,20,130,150,6,111,105,0.807692307692308,2,18,86,44,0,262144,87209,174935,0.332675933837891,0.208102538637702,0.229738749445321,41.7685459999964,0.0173079676923077,${PROJECT_ROOT}/analysis\dimension_matched_pof_study_20260726\results\matched_150eval_5seed_v2_20260726\runs\WELDEDBEAM_rep01\ctsemo_20260726_092310_559_seed2026073301,${PROJECT_ROOT}/analysis\dimension_matched_pof_study_20260726\results\matched_150eval_5seed_v2_20260726\runs\WELDEDBEAM_rep01\ctsemo_20260726_092310_559_seed2026073301\result.mat,${PROJECT_ROOT}/analysis\dimension_matched_pof_study_20260726\results\matched_150eval_5seed_v2_20260726\runs\WELDEDBEAM_rep01\probe_predictions.mat,,
WELDEDBEAM,WELDEDBEAM,4,2,completed,2026073202,2026073302,2026073101,2026073502,20,130,150,10,107,97,0.746153846153846,1,16,87,43,0,262144,87209,174935,0.332675933837891,0.212616342336571,0.254021875901115,39.654310999997,0.0157450761538462,${PROJECT_ROOT}/analysis\dimension_matched_pof_study_20260726\results\matched_150eval_5seed_v2_20260726\runs\WELDEDBEAM_rep02\ctsemo_20260726_092402_909_seed2026073302,${PROJECT_ROOT}/analysis\dimension_matched_pof_study_20260726\results\matched_150eval_5seed_v2_20260726\runs\WELDEDBEAM_rep02\ctsemo_20260726_092402_909_seed2026073302\result.mat,${PROJECT_ROOT}/analysis\dimension_matched_pof_study_20260726\results\matched_150eval_5seed_v2_20260726\runs\WELDEDBEAM_rep02\probe_predictions.mat,,
WELDEDBEAM,WELDEDBEAM,4,3,completed,2026073203,2026073303,2026073101,2026073503,20,130,150,6,107,101,0.776923076923077,3,17,78,52,0,262144,87209,174935,0.332675933837891,0.19161375899157,0.214333441401027,41.4363280000016,0.0157302230769231,${PROJECT_ROOT}/analysis\dimension_matched_pof_study_20260726\results\matched_150eval_5seed_v2_20260726\runs\WELDEDBEAM_rep03\ctsemo_20260726_092452_783_seed2026073303,${PROJECT_ROOT}/analysis\dimension_matched_pof_study_20260726\results\matched_150eval_5seed_v2_20260726\runs\WELDEDBEAM_rep03\ctsemo_20260726_092452_783_seed2026073303\result.mat,${PROJECT_ROOT}/analysis\dimension_matched_pof_study_20260726\results\matched_150eval_5seed_v2_20260726\runs\WELDEDBEAM_rep03\probe_predictions.mat,,
WELDEDBEAM,WELDEDBEAM,4,4,completed,2026073204,2026073304,2026073101,2026073504,20,130,150,9,99,90,0.692307692307692,5,13,87,43,0,262144,87209,174935,0.332675933837891,0.210473230291843,0.230894840877112,43.7332829999998,0.0154113561538462,${PROJECT_ROOT}/analysis\dimension_matched_pof_study_20260726\results\matched_150eval_5seed_v2_20260726\runs\WELDEDBEAM_rep04\ctsemo_20260726_092543_482_seed2026073304,${PROJECT_ROOT}/analysis\dimension_matched_pof_study_20260726\results\matched_150eval_5seed_v2_20260726\runs\WELDEDBEAM_rep04\ctsemo_20260726_092543_482_seed2026073304\result.mat,${PROJECT_ROOT}/analysis\dimension_matched_pof_study_20260726\results\matched_150eval_5seed_v2_20260726\runs\WELDEDBEAM_rep04\probe_predictions.mat,,
WELDEDBEAM,WELDEDBEAM,4,5,completed,2026073205,2026073305,2026073101,2026073505,20,130,150,9,100,91,0.7,1,13,83,47,0,262144,87209,174935,0.332675933837891,0.188259740860564,0.214885027510968,65.4057190000042,0.0296607453846154,${PROJECT_ROOT}/analysis\dimension_matched_pof_study_20260726\results\matched_150eval_5seed_v2_20260726\runs\WELDEDBEAM_rep05\ctsemo_20260726_092636_810_seed2026073305,${PROJECT_ROOT}/analysis\dimension_matched_pof_study_20260726\results\matched_150eval_5seed_v2_20260726\runs\WELDEDBEAM_rep05\ctsemo_20260726_092636_810_seed2026073305\result.mat,${PROJECT_ROOT}/analysis\dimension_matched_pof_study_20260726\results\matched_150eval_5seed_v2_20260726\runs\WELDEDBEAM_rep05\probe_predictions.mat,,
CF1_D4,CF1,4,1,completed,2026073201,2026073301,2026073102,2026073601,20,130,150,10,39,29,0.223076923076923,1,18,82,48,0,262144,130171,131973,0.496562957763672,0.123448184215188,0.128571830248524,51.086201000005,0.0163835915384615,${PROJECT_ROOT}/analysis\dimension_matched_pof_study_20260726\results\matched_150eval_5seed_v2_20260726\runs\CF1_D4_rep01\ctsemo_20260726_092752_278_seed2026073301,${PROJECT_ROOT}/analysis\dimension_matched_pof_study_20260726\results\matched_150eval_5seed_v2_20260726\runs\CF1_D4_rep01\ctsemo_20260726_092752_278_seed2026073301\result.mat,${PROJECT_ROOT}/analysis\dimension_matched_pof_study_20260726\results\matched_150eval_5seed_v2_20260726\runs\CF1_D4_rep01\probe_predictions.mat,,
CF1_D4,CF1,4,2,completed,2026073202,2026073302,2026073102,2026073602,20,130,150,7,38,31,0.238461538461538,1,22,88,42,0,262144,130171,131973,0.496562957763672,0.13218546429666,0.143563220029348,61.911175999999,0.0205825469230769,${PROJECT_ROOT}/analysis\dimension_matched_pof_study_20260726\results\matched_150eval_5seed_v2_20260726\runs\CF1_D4_rep02\ctsemo_20260726_092853_373_seed2026073302,${PROJECT_ROOT}/analysis\dimension_matched_pof_study_20260726\results\matched_150eval_5seed_v2_20260726\runs\CF1_D4_rep02\ctsemo_20260726_092853_373_seed2026073302\result.mat,${PROJECT_ROOT}/analysis\dimension_matched_pof_study_20260726\results\matched_150eval_5seed_v2_20260726\runs\CF1_D4_rep02\probe_predictions.mat,,
CF1_D4,CF1,4,3,completed,2026073203,2026073303,2026073102,2026073603,20,130,150,10,47,37,0.284615384615385,3,16,83,47,0,262144,130171,131973,0.496562957763672,0.138401053587328,0.153197711589216,48.9484680000022,0.0173437792307692,${PROJECT_ROOT}/analysis\dimension_matched_pof_study_20260726\results\matched_150eval_5seed_v2_20260726\runs\CF1_D4_rep03\ctsemo_20260726_093005_463_seed2026073303,${PROJECT_ROOT}/analysis\dimension_matched_pof_study_20260726\results\matched_150eval_5seed_v2_20260726\runs\CF1_D4_rep03\ctsemo_20260726_093005_463_seed2026073303\result.mat,${PROJECT_ROOT}/analysis\dimension_matched_pof_study_20260726\results\matched_150eval_5seed_v2_20260726\runs\CF1_D4_rep03\probe_predictions.mat,,
CF1_D4,CF1,4,4,completed,2026073204,2026073304,2026073102,2026073604,20,130,150,10,48,38,0.292307692307692,2,16,85,45,0,262144,130171,131973,0.496562957763672,0.1387769177627,0.147848955780814,46.8991640000045,0.0156742476923077,${PROJECT_ROOT}/analysis\dimension_matched_pof_study_20260726\results\matched_150eval_5seed_v2_20260726\runs\CF1_D4_rep04\ctsemo_20260726_093105_049_seed2026073304,${PROJECT_ROOT}/analysis\dimension_matched_pof_study_20260726\results\matched_150eval_5seed_v2_20260726\runs\CF1_D4_rep04\ctsemo_20260726_093105_049_seed2026073304\result.mat,${PROJECT_ROOT}/analysis\dimension_matched_pof_study_20260726\results\matched_150eval_5seed_v2_20260726\runs\CF1_D4_rep04\probe_predictions.mat,,
CF1_D4,CF1,4,5,completed,2026073205,2026073305,2026073102,2026073605,20,130,150,12,42,30,0.230769230769231,1,12,81,49,0,262144,130171,131973,0.496562957763672,0.129267409103513,0.138393514895744,41.9236449999958,0.0145440569230769,${PROJECT_ROOT}/analysis\dimension_matched_pof_study_20260726\results\matched_150eval_5seed_v2_20260726\runs\CF1_D4_rep05\ctsemo_20260726_093202_051_seed2026073305,${PROJECT_ROOT}/analysis\dimension_matched_pof_study_20260726\results\matched_150eval_5seed_v2_20260726\runs\CF1_D4_rep05\ctsemo_20260726_093202_051_seed2026073305\result.mat,${PROJECT_ROOT}/analysis\dimension_matched_pof_study_20260726\results\matched_150eval_5seed_v2_20260726\runs\CF1_D4_rep05\probe_predictions.mat,,
CF1_D10,CF1,10,1,completed,2026073201,2026073301,2026073102,2026073601,20,130,150,5,82,77,0.592307692307692,7,14,92,38,0,262144,137352,124792,0.523956298828125,0.61294075761718,0.617630599963045,41.2225300000012,0.0169319669230769,${PROJECT_ROOT}/analysis\dimension_matched_pof_study_20260726\results\matched_150eval_5seed_v2_20260726\runs\CF1_D10_rep01\ctsemo_20260726_093254_725_seed2026073301,${PROJECT_ROOT}/analysis\dimension_matched_pof_study_20260726\results\matched_150eval_5seed_v2_20260726\runs\CF1_D10_rep01\ctsemo_20260726_093254_725_seed2026073301\result.mat,${PROJECT_ROOT}/analysis\dimension_matched_pof_study_20260726\results\matched_150eval_5seed_v2_20260726\runs\CF1_D10_rep01\probe_predictions.mat,,
CF1_D10,CF1,10,2,completed,2026073202,2026073302,2026073102,2026073602,20,130,150,10,78,68,0.523076923076923,1,9,88,42,0,262144,137352,124792,0.523956298828125,0.613896056179627,0.617877770902964,40.8940980000049,0.0170663223076923,${PROJECT_ROOT}/analysis\dimension_matched_pof_study_20260726\results\matched_150eval_5seed_v2_20260726\runs\CF1_D10_rep02\ctsemo_20260726_093345_134_seed2026073302,${PROJECT_ROOT}/analysis\dimension_matched_pof_study_20260726\results\matched_150eval_5seed_v2_20260726\runs\CF1_D10_rep02\ctsemo_20260726_093345_134_seed2026073302\result.mat,${PROJECT_ROOT}/analysis\dimension_matched_pof_study_20260726\results\matched_150eval_5seed_v2_20260726\runs\CF1_D10_rep02\probe_predictions.mat,,
CF1_D10,CF1,10,3,completed,2026073203,2026073303,2026073102,2026073603,20,130,150,9,74,65,0.5,3,10,92,38,0,262144,137352,124792,0.523956298828125,0.642777555704422,0.64674971515478,43.2589600000009,0.0175877515384615,${PROJECT_ROOT}/analysis\dimension_matched_pof_study_20260726\results\matched_150eval_5seed_v2_20260726\runs\CF1_D10_rep03\ctsemo_20260726_093435_385_seed2026073303,${PROJECT_ROOT}/analysis\dimension_matched_pof_study_20260726\results\matched_150eval_5seed_v2_20260726\runs\CF1_D10_rep03\ctsemo_20260726_093435_385_seed2026073303\result.mat,${PROJECT_ROOT}/analysis\dimension_matched_pof_study_20260726\results\matched_150eval_5seed_v2_20260726\runs\CF1_D10_rep03\probe_predictions.mat,,
CF1_D10,CF1,10,4,completed,2026073204,2026073304,2026073102,2026073604,20,130,150,12,75,63,0.484615384615385,1,12,86,44,0,262144,137352,124792,0.523956298828125,0.630813306036786,0.633633967455662,41.6933069999963,0.0174671269230769,${PROJECT_ROOT}/analysis\dimension_matched_pof_study_20260726\results\matched_150eval_5seed_v2_20260726\runs\CF1_D10_rep04\ctsemo_20260726_093528_131_seed2026073304,${PROJECT_ROOT}/analysis\dimension_matched_pof_study_20260726\results\matched_150eval_5seed_v2_20260726\runs\CF1_D10_rep04\ctsemo_20260726_093528_131_seed2026073304\result.mat,${PROJECT_ROOT}/analysis\dimension_matched_pof_study_20260726\results\matched_150eval_5seed_v2_20260726\runs\CF1_D10_rep04\probe_predictions.mat,,
CF1_D10,CF1,10,5,completed,2026073205,2026073305,2026073102,2026073605,20,130,150,13,76,63,0.484615384615385,2,15,100,30,0,262144,137352,124792,0.523956298828125,0.613223432840236,0.614846390372729,40.7882299999967,0.0166706392307692,${PROJECT_ROOT}/analysis\dimension_matched_pof_study_20260726\results\matched_150eval_5seed_v2_20260726\runs\CF1_D10_rep05\ctsemo_20260726_093619_301_seed2026073305,${PROJECT_ROOT}/analysis\dimension_matched_pof_study_20260726\results\matched_150eval_5seed_v2_20260726\runs\CF1_D10_rep05\ctsemo_20260726_093619_301_seed2026073305\result.mat,${PROJECT_ROOT}/analysis\dimension_matched_pof_study_20260726\results\matched_150eval_5seed_v2_20260726\runs\CF1_D10_rep05\probe_predictions.mat,,
C2DTLZ2_D4_R02,C2DTLZ2_R02,4,1,completed,2026073201,2026073301,2026073104,2026073801,20,130,150,1,53,52,0.4,4,28,83,47,0,262144,34193,227951,0.130435943603516,0.0999162162180401,0.10039182289489,37.3138640000001,0.01367496,${PROJECT_ROOT}/analysis\dimension_matched_pof_study_20260726\results\matched_150eval_5seed_v2_20260726\runs\C2DTLZ2_D4_R02_rep01\ctsemo_20260726_093710_611_seed2026073301,${PROJECT_ROOT}/analysis\dimension_matched_pof_study_20260726\results\matched_150eval_5seed_v2_20260726\runs\C2DTLZ2_D4_R02_rep01\ctsemo_20260726_093710_611_seed2026073301\result.mat,${PROJECT_ROOT}/analysis\dimension_matched_pof_study_20260726\results\matched_150eval_5seed_v2_20260726\runs\C2DTLZ2_D4_R02_rep01\probe_predictions.mat,,
C2DTLZ2_D4_R02,C2DTLZ2_R02,4,2,completed,2026073202,2026073302,2026073104,2026073802,20,130,150,3,68,65,0.5,6,30,87,43,0,262144,34193,227951,0.130435943603516,0.123101707794008,0.12551359806483,37.0715209999979,0.0129742907692308,${PROJECT_ROOT}/analysis\dimension_matched_pof_study_20260726\results\matched_150eval_5seed_v2_20260726\runs\C2DTLZ2_D4_R02_rep02\ctsemo_20260726_093755_892_seed2026073302,${PROJECT_ROOT}/analysis\dimension_matched_pof_study_20260726\results\matched_150eval_5seed_v2_20260726\runs\C2DTLZ2_D4_R02_rep02\ctsemo_20260726_093755_892_seed2026073302\result.mat,${PROJECT_ROOT}/analysis\dimension_matched_pof_study_20260726\results\matched_150eval_5seed_v2_20260726\runs\C2DTLZ2_D4_R02_rep02\probe_predictions.mat,,
C2DTLZ2_D4_R02,C2DTLZ2_R02,4,3,completed,2026073203,2026073303,2026073104,2026073803,20,130,150,3,63,60,0.461538461538462,9,28,84,46,0,262144,34193,227951,0.130435943603516,0.128852927626608,0.12986173387691,35.9024560000002,0.0127274169230769,${PROJECT_ROOT}/analysis\dimension_matched_pof_study_20260726\results\matched_150eval_5seed_v2_20260726\runs\C2DTLZ2_D4_R02_rep03\ctsemo_20260726_093840_363_seed2026073303,${PROJECT_ROOT}/analysis\dimension_matched_pof_study_20260726\results\matched_150eval_5seed_v2_20260726\runs\C2DTLZ2_D4_R02_rep03\ctsemo_20260726_093840_363_seed2026073303\result.mat,${PROJECT_ROOT}/analysis\dimension_matched_pof_study_20260726\results\matched_150eval_5seed_v2_20260726\runs\C2DTLZ2_D4_R02_rep03\probe_predictions.mat,,
C2DTLZ2_D4_R02,C2DTLZ2_R02,4,4,completed,2026073204,2026073304,2026073104,2026073804,20,130,150,3,66,63,0.484615384615385,2,33,89,41,0,262144,34193,227951,0.130435943603516,0.127132557260512,0.129322146227917,35.0800439999998,0.0122356930769231,${PROJECT_ROOT}/analysis\dimension_matched_pof_study_20260726\results\matched_150eval_5seed_v2_20260726\runs\C2DTLZ2_D4_R02_rep04\ctsemo_20260726_093923_971_seed2026073304,${PROJECT_ROOT}/analysis\dimension_matched_pof_study_20260726\results\matched_150eval_5seed_v2_20260726\runs\C2DTLZ2_D4_R02_rep04\ctsemo_20260726_093923_971_seed2026073304\result.mat,${PROJECT_ROOT}/analysis\dimension_matched_pof_study_20260726\results\matched_150eval_5seed_v2_20260726\runs\C2DTLZ2_D4_R02_rep04\probe_predictions.mat,,
C2DTLZ2_D4_R02,C2DTLZ2_R02,4,5,completed,2026073205,2026073305,2026073104,2026073805,20,130,150,1,82,81,0.623076923076923,4,33,91,39,0,262144,34193,227951,0.130435943603516,0.0805653660373738,0.0817999165594999,35.635,0.0123902361538462,${PROJECT_ROOT}/analysis\dimension_matched_pof_study_20260726\results\matched_150eval_5seed_v2_20260726\runs\C2DTLZ2_D4_R02_rep05\ctsemo_20260726_094006_590_seed2026073305,${PROJECT_ROOT}/analysis\dimension_matched_pof_study_20260726\results\matched_150eval_5seed_v2_20260726\runs\C2DTLZ2_D4_R02_rep05\ctsemo_20260726_094006_590_seed2026073305\result.mat,${PROJECT_ROOT}/analysis\dimension_matched_pof_study_20260726\results\matched_150eval_5seed_v2_20260726\runs\C2DTLZ2_D4_R02_rep05\probe_predictions.mat,,
C2DTLZ2_D6_R02,C2DTLZ2_R02,6,1,completed,2026073201,2026073301,2026073104,2026073801,20,130,150,1,64,63,0.484615384615385,4,17,77,42,11,262144,7360,254784,0.028076171875,0.169625946847761,0.170381608394989,37.3251079999954,0.0143424415384615,${PROJECT_ROOT}/analysis\dimension_matched_pof_study_20260726\results\matched_150eval_5seed_v2_20260726\runs\C2DTLZ2_D6_R02_rep01\ctsemo_20260726_094050_204_seed2026073301,${PROJECT_ROOT}/analysis\dimension_matched_pof_study_20260726\results\matched_150eval_5seed_v2_20260726\runs\C2DTLZ2_D6_R02_rep01\ctsemo_20260726_094050_204_seed2026073301\result.mat,${PROJECT_ROOT}/analysis\dimension_matched_pof_study_20260726\results\matched_150eval_5seed_v2_20260726\runs\C2DTLZ2_D6_R02_rep01\probe_predictions.mat,,
C2DTLZ2_D6_R02,C2DTLZ2_R02,6,2,completed,2026073202,2026073302,2026073104,2026073802,20,130,150,0,0,0,0,NaN,0,0,0,130,262144,7360,254784,0.028076171875,0.783945547952932,1.08768207351363,13.969574000001,0.00951153769230769,${PROJECT_ROOT}/analysis\dimension_matched_pof_study_20260726\results\matched_150eval_5seed_v2_20260726\runs\C2DTLZ2_D6_R02_rep02\ctsemo_20260726_094135_128_seed2026073302,${PROJECT_ROOT}/analysis\dimension_matched_pof_study_20260726\results\matched_150eval_5seed_v2_20260726\runs\C2DTLZ2_D6_R02_rep02\ctsemo_20260726_094135_128_seed2026073302\result.mat,${PROJECT_ROOT}/analysis\dimension_matched_pof_study_20260726\results\matched_150eval_5seed_v2_20260726\runs\C2DTLZ2_D6_R02_rep02\probe_predictions.mat,,
C2DTLZ2_D6_R02,C2DTLZ2_R02,6,3,completed,2026073203,2026073303,2026073104,2026073803,20,130,150,0,35,35,0.269230769230769,94,5,40,15,75,262144,7360,254784,0.028076171875,0.511831517044693,0.516630663178189,29.4794080000073,0.0119939961538462,${PROJECT_ROOT}/analysis\dimension_matched_pof_study_20260726\results\matched_150eval_5seed_v2_20260726\runs\C2DTLZ2_D6_R02_rep03\ctsemo_20260726_094150_869_seed2026073303,${PROJECT_ROOT}/analysis\dimension_matched_pof_study_20260726\results\matched_150eval_5seed_v2_20260726\runs\C2DTLZ2_D6_R02_rep03\ctsemo_20260726_094150_869_seed2026073303\result.mat,${PROJECT_ROOT}/analysis\dimension_matched_pof_study_20260726\results\matched_150eval_5seed_v2_20260726\runs\C2DTLZ2_D6_R02_rep03\probe_predictions.mat,,
C2DTLZ2_D6_R02,C2DTLZ2_R02,6,4,completed,2026073204,2026073304,2026073104,2026073804,20,130,150,0,0,0,0,NaN,0,0,0,130,262144,7360,254784,0.028076171875,0.776031305640643,1.08300738885822,14.5370549999997,0.00961485230769231,${PROJECT_ROOT}/analysis\dimension_matched_pof_study_20260726\results\matched_150eval_5seed_v2_20260726\runs\C2DTLZ2_D6_R02_rep04\ctsemo_20260726_094227_531_seed2026073304,${PROJECT_ROOT}/analysis\dimension_matched_pof_study_20260726\results\matched_150eval_5seed_v2_20260726\runs\C2DTLZ2_D6_R02_rep04\ctsemo_20260726_094227_531_seed2026073304\result.mat,${PROJECT_ROOT}/analysis\dimension_matched_pof_study_20260726\results\matched_150eval_5seed_v2_20260726\runs\C2DTLZ2_D6_R02_rep04\probe_predictions.mat,,
C2DTLZ2_D6_R02,C2DTLZ2_R02,6,5,completed,2026073205,2026073305,2026073104,2026073805,20,130,150,0,5,5,0.0384615384615385,141,2,4,5,121,262144,7360,254784,0.028076171875,0.719922171705425,0.758818721006755,17.4336640000045,0.0103082261538462,${PROJECT_ROOT}/analysis\dimension_matched_pof_study_20260726\results\matched_150eval_5seed_v2_20260726\runs\C2DTLZ2_D6_R02_rep05\ctsemo_20260726_094244_086_seed2026073305,${PROJECT_ROOT}/analysis\dimension_matched_pof_study_20260726\results\matched_150eval_5seed_v2_20260726\runs\C2DTLZ2_D6_R02_rep05\ctsemo_20260726_094244_086_seed2026073305\result.mat,${PROJECT_ROOT}/analysis\dimension_matched_pof_study_20260726\results\matched_150eval_5seed_v2_20260726\runs\C2DTLZ2_D6_R02_rep05\probe_predictions.mat,,
MW7_D4,MW7,4,1,completed,2026073201,2026073301,2026073106,2026074001,20,130,150,1,36,35,0.269230769230769,9,21,85,45,0,262144,11454,250690,0.0436935424804688,0.103035351136024,0.109369193109233,37.2911610000059,0.0131474215384615,${PROJECT_ROOT}/analysis\dimension_matched_pof_study_20260726\results\matched_150eval_5seed_v2_20260726\runs\MW7_D4_rep01\ctsemo_20260726_094308_955_seed2026073301,${PROJECT_ROOT}/analysis\dimension_matched_pof_study_20260726\results\matched_150eval_5seed_v2_20260726\runs\MW7_D4_rep01\ctsemo_20260726_094308_955_seed2026073301\result.mat,${PROJECT_ROOT}/analysis\dimension_matched_pof_study_20260726\results\matched_150eval_5seed_v2_20260726\runs\MW7_D4_rep01\probe_predictions.mat,,
MW7_D4,MW7,4,2,completed,2026073202,2026073302,2026073106,2026074002,20,130,150,1,40,39,0.3,18,21,87,43,0,262144,11454,250690,0.0436935424804688,0.0923435545363789,0.096771581790434,36.4188050000072,0.0130680823076923,${PROJECT_ROOT}/analysis\dimension_matched_pof_study_20260726\results\matched_150eval_5seed_v2_20260726\runs\MW7_D4_rep02\ctsemo_20260726_094353_761_seed2026073302,${PROJECT_ROOT}/analysis\dimension_matched_pof_study_20260726\results\matched_150eval_5seed_v2_20260726\runs\MW7_D4_rep02\ctsemo_20260726_094353_761_seed2026073302\result.mat,${PROJECT_ROOT}/analysis\dimension_matched_pof_study_20260726\results\matched_150eval_5seed_v2_20260726\runs\MW7_D4_rep02\probe_predictions.mat,,
MW7_D4,MW7,4,3,completed,2026073203,2026073303,2026073106,2026074003,20,130,150,0,45,45,0.346153846153846,42,13,72,36,22,262144,11454,250690,0.0436935424804688,0.114399554086885,0.120515483701878,36.3353690000027,0.01196467,${PROJECT_ROOT}/analysis\dimension_matched_pof_study_20260726\results\matched_150eval_5seed_v2_20260726\runs\MW7_D4_rep03\ctsemo_20260726_094437_614_seed2026073303,${PROJECT_ROOT}/analysis\dimension_matched_pof_study_20260726\results\matched_150eval_5seed_v2_20260726\runs\MW7_D4_rep03\ctsemo_20260726_094437_614_seed2026073303\result.mat,${PROJECT_ROOT}/analysis\dimension_matched_pof_study_20260726\results\matched_150eval_5seed_v2_20260726\runs\MW7_D4_rep03\probe_predictions.mat,,
MW7_D4,MW7,4,4,completed,2026073204,2026073304,2026073106,2026074004,20,130,150,0,33,33,0.253846153846154,38,18,81,29,20,262144,11454,250690,0.0436935424804688,0.116002588411576,0.129398668138574,35.7050230000019,0.0123483638461538,${PROJECT_ROOT}/analysis\dimension_matched_pof_study_20260726\results\matched_150eval_5seed_v2_20260726\runs\MW7_D4_rep04\ctsemo_20260726_094521_263_seed2026073304,${PROJECT_ROOT}/analysis\dimension_matched_pof_study_20260726\results\matched_150eval_5seed_v2_20260726\runs\MW7_D4_rep04\ctsemo_20260726_094521_263_seed2026073304\result.mat,${PROJECT_ROOT}/analysis\dimension_matched_pof_study_20260726\results\matched_150eval_5seed_v2_20260726\runs\MW7_D4_rep04\probe_predictions.mat,,
MW7_D4,MW7,4,5,completed,2026073205,2026073305,2026073106,2026074005,20,130,150,1,51,50,0.384615384615385,18,14,87,43,0,262144,11454,250690,0.0436935424804688,0.0968859345472969,0.103251424916469,37.0804670000002,0.0129923230769231,${PROJECT_ROOT}/analysis\dimension_matched_pof_study_20260726\results\matched_150eval_5seed_v2_20260726\runs\MW7_D4_rep05\ctsemo_20260726_094604_238_seed2026073305,${PROJECT_ROOT}/analysis\dimension_matched_pof_study_20260726\results\matched_150eval_5seed_v2_20260726\runs\MW7_D4_rep05\ctsemo_20260726_094604_238_seed2026073305\result.mat,${PROJECT_ROOT}/analysis\dimension_matched_pof_study_20260726\results\matched_150eval_5seed_v2_20260726\runs\MW7_D4_rep05\probe_predictions.mat,,
MW7_D6,MW7,6,1,completed,2026073201,2026073301,2026073106,2026074001,20,130,150,0,16,16,0.123076923076923,117,8,24,6,100,262144,1670,260474,0.00637054443359375,0.713691342664407,0.80884885306528,24.031574000001,0.0111439292307692,${PROJECT_ROOT}/analysis\dimension_matched_pof_study_20260726\results\matched_150eval_5seed_v2_20260726\runs\MW7_D6_rep01\ctsemo_20260726_094649_602_seed2026073301,${PROJECT_ROOT}/analysis\dimension_matched_pof_study_20260726\results\matched_150eval_5seed_v2_20260726\runs\MW7_D6_rep01\ctsemo_20260726_094649_602_seed2026073301\result.mat,${PROJECT_ROOT}/analysis\dimension_matched_pof_study_20260726\results\matched_150eval_5seed_v2_20260726\runs\MW7_D6_rep01\probe_predictions.mat,,
MW7_D6,MW7,6,2,completed,2026073202,2026073302,2026073106,2026074002,20,130,150,1,53,52,0.4,18,8,81,48,1,262144,1670,260474,0.00637054443359375,0.180236590751299,0.181558243500668,35.501061999999,0.01436189,${PROJECT_ROOT}/analysis\dimension_matched_pof_study_20260726\results\matched_150eval_5seed_v2_20260726\runs\MW7_D6_rep02\ctsemo_20260726_094720_658_seed2026073302,${PROJECT_ROOT}/analysis\dimension_matched_pof_study_20260726\results\matched_150eval_5seed_v2_20260726\runs\MW7_D6_rep02\ctsemo_20260726_094720_658_seed2026073302\result.mat,${PROJECT_ROOT}/analysis\dimension_matched_pof_study_20260726\results\matched_150eval_5seed_v2_20260726\runs\MW7_D6_rep02\probe_predictions.mat,,
MW7_D6,MW7,6,3,completed,2026073203,2026073303,2026073106,2026074003,20,130,150,0,11,11,0.0846153846153846,129,4,13,6,111,262144,1670,260474,0.00637054443359375,0.737352321480425,0.856799396345874,21.4606000000015,0.0108013969230769,${PROJECT_ROOT}/analysis\dimension_matched_pof_study_20260726\results\matched_150eval_5seed_v2_20260726\runs\MW7_D6_rep03\ctsemo_20260726_094803_762_seed2026073303,${PROJECT_ROOT}/analysis\dimension_matched_pof_study_20260726\results\matched_150eval_5seed_v2_20260726\runs\MW7_D6_rep03\ctsemo_20260726_094803_762_seed2026073303\result.mat,${PROJECT_ROOT}/analysis\dimension_matched_pof_study_20260726\results\matched_150eval_5seed_v2_20260726\runs\MW7_D6_rep03\probe_predictions.mat,,
MW7_D6,MW7,6,4,completed,2026073204,2026073304,2026073106,2026074004,20,130,150,0,55,55,0.423076923076923,26,12,76,39,15,262144,1670,260474,0.00637054443359375,0.189908225496586,0.192890961489369,35.3539849999994,0.0141719523076923,${PROJECT_ROOT}/analysis\dimension_matched_pof_study_20260726\results\matched_150eval_5seed_v2_20260726\runs\MW7_D6_rep04\ctsemo_20260726_094832_208_seed2026073304,${PROJECT_ROOT}/analysis\dimension_matched_pof_study_20260726\results\matched_150eval_5seed_v2_20260726\runs\MW7_D6_rep04\ctsemo_20260726_094832_208_seed2026073304\result.mat,${PROJECT_ROOT}/analysis\dimension_matched_pof_study_20260726\results\matched_150eval_5seed_v2_20260726\runs\MW7_D6_rep04\probe_predictions.mat,,
MW7_D6,MW7,6,5,completed,2026073205,2026073305,2026073106,2026074005,20,130,150,0,47,47,0.361538461538462,25,12,72,30,28,262144,1670,260474,0.00637054443359375,0.18977901503719,0.192206550965684,34.4177850000039,0.0142578223076923,${PROJECT_ROOT}/analysis\dimension_matched_pof_study_20260726\results\matched_150eval_5seed_v2_20260726\runs\MW7_D6_rep05\ctsemo_20260726_094915_068_seed2026073305,${PROJECT_ROOT}/analysis\dimension_matched_pof_study_20260726\results\matched_150eval_5seed_v2_20260726\runs\MW7_D6_rep05\ctsemo_20260726_094915_068_seed2026073305\result.mat,${PROJECT_ROOT}/analysis\dimension_matched_pof_study_20260726\results\matched_150eval_5seed_v2_20260726\runs\MW7_D6_rep05\probe_predictions.mat,,
