Category,RelativePath,Bytes,SHA256
"study","analysis/dimension_matched_pof_study_20260726/launch_full_study.m",1262,"57dbfbc38c8a2d07bb7d1c74ed2788b2503ac34f0253c6ede29a2e00f768a1df"
"study","analysis/dimension_matched_pof_study_20260726/plot_matched_dimension_pof_study_20260726.m",20147,"42a986b180bb1d7e9f1ac04e066b3022f4fde64ac96a3ee3418415ed13f371b9"
"study","analysis/dimension_matched_pof_study_20260726/run_matched_dimension_pof_study_20260726.m",41944,"570b6f5d91e7a146147b0997a8de36e1ad004cd2828385a899afb1b6bd1f3bd1"
"study","analysis/dimension_matched_pof_study_20260726/validate_matched_dimension_pof_study_20260726.m",10320,"b19bea621d04cb95ba8522452a05320f0001bfb7283f390a48e19c12171cde6b"
"release","cTSEMO-release/+ctsemo/binaryLabels.m",1055,"bbf88a1e4d43fe7d3aac84dfb560b693c29eb56bf26acb06e1ae17a376431b2c"
"release","cTSEMO-release/+ctsemo/componentSeed.m",1073,"c8754b09521d491ec3a5bb30dee10415abed8684ee70cdefc684fd6599e6c702"
"release","cTSEMO-release/+ctsemo/crowdingMasks.m",7733,"21f8d646610ddf9730f3b32b587c52e3572423af6d04a877239b796764c32c94"
"release","cTSEMO-release/+ctsemo/drawObjectiveTS.m",5461,"ab80ef9a70de5e7c65e2fd033070116ff59e5afad48395433b6f9bf366b5e7db"
"release","cTSEMO-release/+ctsemo/evaluateObjectiveTS.m",2166,"a7c41750e2b300b7fc36aa014def41122b5c796dd93e3ddc9cd1a47dc1a72d67"
"release","cTSEMO-release/+ctsemo/fitClippedBinaryPof.m",20369,"d7f073ca234469ce105afbaca6d85850f3aa525df98760d2a6ebac61cf1f1c7e"
"release","cTSEMO-release/+ctsemo/fitObjectiveGP.m",16068,"d212020e54ba7c6d5c6be4dfa6ace164afdea0a617b581160818b443dc23d800"
"release","cTSEMO-release/+ctsemo/hypervolume2d.m",2032,"07173cbd23251f153c5ae4c07229b8cea438984dc8435f4bb7e295717628ccd9"
"release","cTSEMO-release/+ctsemo/localMatern32.m",2150,"a1e8072aa7d5ec347d80133aee29678fa0f55b634f3a5ea7250d0bae67a301a2"
"release","cTSEMO-release/+ctsemo/makeCandidatePools.m",7411,"f613077f70b30bf69a32a7721bf34f971434bebfefabc1aa701c2c38267f61e6"
"release","cTSEMO-release/+ctsemo/normalizeData.m",2854,"c253e54f94582ef916ee5d9003a70687e1ca327105d6be67cb0f421721dcbf8d"
"release","cTSEMO-release/+ctsemo/pareto2d.m",1473,"a863e73b55f4ad46755f9b9fb1629af89dc708581b40bc91ea9f5deaa2eb8cff"
"release","cTSEMO-release/+ctsemo/predictClippedBinaryPof.m",4211,"2a61b84a9310cd7e8ca1a16cdd40ee3d8950c0eace371ba534b2e430b95ced30"
"release","cTSEMO-release/+ctsemo/predictObjectiveGP.m",2352,"9503ece7e77a3844c1c69a8b9339a611f1631d8596f5170849c7286368b0c5f2"
"release","cTSEMO-release/+ctsemo/run.m",40278,"234578fe87eb066f8ad6d7ff2668d07f4fe37040a65fa7895ab06703e5f72a56"
"release","cTSEMO-release/+ctsemo/sampledHVI.m",3931,"9bc8c38ac838832d7cc8b8ba43c4101c4509213d21d3a7f329138b81a2e482e2"
"release","cTSEMO-release/+ctsemo/saveCheckpoint.m",1575,"3ffbc8b1ed05f2da72d43557179b3c1d340b3528e8788427abd6fba3424937e5"
"release","cTSEMO-release/+ctsemo/scopedRng.m",547,"58895ae9f80f63b93ad4adc4994405dacbcd0d0241695bd1a24a1b38863f8396"
"release","cTSEMO-release/+ctsemo/scoreCandidates.m",6424,"29f8d16b4198b26fb22349c19289bfd08d482305dfd8e8593b55b43dc4e957af"
"release","cTSEMO-release/+ctsemo/selectFallback.m",5639,"e3fbed3886e65cbd817fc2b1954a7d9990594b2de841718c3dff757b3ed78716"
"release","cTSEMO-release/+ctsemo/updatePareto.m",3344,"c753ba0c056528e0cb5fd0196bb74c88e97030988eee9819bed9eedaac131b80"
"release","cTSEMO-release/+ctsemo/validateInputs.m",8400,"b46afe7baa9a5d69ec2279a5f6739f0106bb216139058346d4068928bf153893"
"release","cTSEMO-release/benchmarks/getBenchmarkProblem.m",18560,"d8012bd89300242344faaac91ef0b67fea73d7fed9e10866c3ebbaec1f65ebc0"
"release","cTSEMO-release/benchmarks/initialDesign.m",7076,"3e1a1ad33da5fdfe6c9962c4fac3f5846ac1faee54a0ea4ab91e4a9eda48a761"
"release","cTSEMO-release/benchmarks/provenance/bradford-test-functions/ttbuk1.m",108,"23f4e8fc3b4108f7b69ef5b1d70ed641a120f9d7652291444a3702300bc87cb5"
"release","cTSEMO-release/benchmarks/provenance/bradford-test-functions/ttbuk2.m",105,"8694af6a90d65fa0a6c0fdbdcd96ecac9fcb9f952a07d77d4fc2365e86909ad0"
"release","cTSEMO-release/benchmarks/provenance/bradford-test-functions/ttbukg1.m",114,"78de93abf6fb6f1467e7d6b587e6fd5467f18b8023be73ca1c1850e11eb20c97"
"release","cTSEMO-release/benchmarks/provenance/bradford-test-functions/ttbukg2.m",131,"b08e7a9fd20836d09b579931b0cacb81cbd932368b675be82f25f7616bc5d19b"
"release","cTSEMO-release/benchmarks/provenance/bradford-test-functions/weldbeam.m",267,"ef07ab101e44413481ff74eed62143f75dd53cc426b9f302aee12a03202f48d7"
"release","cTSEMO-release/benchmarks/provenance/bradford-test-functions/weldbeamconstr.m",579,"69866dbd57d86b4993b5872b8ca94be1c8ddc61b21bf5dcf7576b6f34ef853c8"
"release","cTSEMO-release/benchmarks/provenance/c2dtlz2_reference.m",764,"61553c9bc53ab161abb27b7c5c30916a96fba3c0f10fc68527e3b715e4ddefdf"
"release","cTSEMO-release/benchmarks/runHighDimensionalChallengerStudy.m",30209,"ad0228fa3d85f880172ed1aefdee61ccad0c89bc79f18266cace2fd02d50b75e"
"release","cTSEMO-release/benchmarks/runHighDimensionalChallengerStudyCampaign.m",1008,"9ac96548f56493ed858fa823cf286f44fe716b82a7b921428499a007dbf97354"
"release","cTSEMO-release/benchmarks/runReleaseBenchmarks.m",26312,"3929b8d68427d51a5b046b22c03a1a72e3c0700fd1e979224974b92cd73b0540"
"release","cTSEMO-release/benchmarks/runWeldedBeamProfileSensitivity.m",11750,"9f8e80a5e693baa8a1dd2a08f7e97d21fbaf59beb05f6226b18844102861ffb9"
"release","cTSEMO-release/benchmarks/sealReleaseSourceManifest.m",11607,"eede505a1265e226189ef983ee1a8041b9d6ad23482125358bd49b64c05f3806"
"release","cTSEMO-release/benchmarks/summarizeReleaseBenchmarks.m",8925,"4ae265292f6e7affafa21bae303b5663a916d3477ea350eac61e6d13ccf7ee9a"
"release","cTSEMO-release/benchmarks/weldedBeamSensitivityProfile.m",1960,"832c92dff71f4e9464c7a6fed67e2d855d8fafcb77e586b85c2145baaed61569"
"release","cTSEMO-release/cTSEMO.m",1244,"6fd4189442ae7d95f270c3941072b5b932b1109dc4a68ff91553863a755e2f3e"
"release","cTSEMO-release/cTSEMOOptions.m",15491,"151ab582928036fbe28a6d8400dd4a262cfe6d1078af0dc107b3681f0041d413"
"release","cTSEMO-release/diagnostics/computeSortedPofRaster4D.m",16703,"663678be474b9f9239bda7eb6a1ea2979c3138282ddde8e94a069232ffd81705"
"release","cTSEMO-release/diagnostics/generateReleaseFigures.m",63754,"33b295fb4c58b85ff06113221008388760e7a06113025618a2e1d8c289c10990"
"release","cTSEMO-release/diagnostics/plot2DIterationAtlas.m",17381,"ace817301ddc7f21709b40f6a69a91cb5227578b6464c963d833f26cd4192fd7"
"release","cTSEMO-release/diagnostics/plotOptimizationHistory.m",13694,"c4bdf818cbf15d286e70d4d29811e8e69099782760ca2c493e81f6117ea3f316"
"release","cTSEMO-release/diagnostics/plotParetoFront.m",10076,"f0b8dc32de891a0d5f8bbbfba8665def7399671b07284bdedeece52e14ee84b4"
"release","cTSEMO-release/diagnostics/plotPofValidation.m",19363,"1ab4e6bac01f49de773896e696aa34161ab9ffd1b47b2c7d52a1a3f334d103ae"
"release","cTSEMO-release/diagnostics/plotSortedPofRaster4D.m",5509,"d9c99ae4e9ce72ed055fb2833e3fc1517cced04eb49756805d4722f315429f26"
"release","cTSEMO-release/diagnostics/plotWeldedBeamPilotComparison.m",6512,"4be59e4cc1e46357cdf7c5c0b2cb96563dd0d1eb6142f727bf60804f24ccc6b0"
"release","cTSEMO-release/diagnostics/private/diagnosticGet.m",1585,"0fbc657d165928d7f02e99757fa82ea21c7dd4e009d8cbff15ad41379588631f"
"release","cTSEMO-release/diagnostics/private/diagnosticPalette.m",616,"de74583e80787f9567579152a75f4e1cba33101fe1d9fcc3bd86a7afb9084ad7"
"release","cTSEMO-release/diagnostics/private/exportDiagnosticFigure.m",930,"164b63557e18a1c007d8f46475fcab25cba4495153befcca838f53ffa71ec0a5"
"release","cTSEMO-release/diagnostics/private/extractResultData.m",2471,"eff6536c91094d71723e36642f6c119284a2c722d89617cf1230abc31cca1bb1"
"release","cTSEMO-release/diagnostics/private/loadIterationDiagnostic.m",5065,"375d297de3130e0025e3e796cf1e66d2e1c6d23ed2de4e6a3480b57b46fd5326"
"release","cTSEMO-release/diagnostics/private/plotUnavailableTile.m",723,"ad921ad9a964a3e2351cf39a094348773a79883f83d016d4877f5d5fe15cd053"
"release","cTSEMO-release/diagnostics/private/resolveProblemBounds.m",1335,"a021b96dc87cab773a1ad6d0ebae6a6231f9066837cc2e85a0259e8a8254b177"
"release","cTSEMO-release/examples/runSmokeBenchmarks.m",9259,"56a275ea5dd14f4d5d1954344c32d39547e30fab089284fb4d3477c79e977fc8"
"release","cTSEMO-release/tests/AcquisitionAndFallbackTest.m",13324,"31b91c8f2b7305cde2e930eb1409cb16ef161412222b6616b5fb64649f13bf1e"
"release","cTSEMO-release/tests/BenchmarkRegistryTest.m",20555,"68982b53f10834be2868fb8f3527754a98ead85fc41244a284f8b4b6ba5343cd"
"release","cTSEMO-release/tests/BinaryAndOptionsTest.m",12110,"91783498234b5aa601ef89185fa46a6ce038e23eb846c3fbe3de355ddd07aeb2"
"release","cTSEMO-release/tests/CandidateAndParetoTest.m",5274,"c6f26ba8fb8331cf4a17195c23a7b81cbc084070288db7139121b2912951e340"
"release","cTSEMO-release/tests/ClippedBinaryPofTest.m",8641,"011bc31e63f384c2cb02dff08377c5c48ad40edab11a73a567bb1237059c02fb"
"release","cTSEMO-release/tests/LocalMatern32Test.m",3597,"be2265e4f72ad179b536ccb5f36d964ddb3c795f593ac56eac0f1db73b8aa467"
"release","cTSEMO-release/tests/ObjectiveGpTsTest.m",9301,"697db5644b1d44f549e6ccbcab790abd839e9e31dd8c9f2b94455e941eb54a5d"
"release","cTSEMO-release/tests/SolverIntegrationTest.m",15897,"9ab2837b37fc1c2613015038c0ff5c930e3ff2f548f0b59fe14c88f48699aca4"
"release","cTSEMO-release/vendor/bradford-tsemo/TSEMO_options.m",897,"ef6d739e0158088df06d2ec99cd01ac5f97b54a5f380fc779b476a41728a0686"
"release","cTSEMO-release/vendor/bradford-tsemo/TSEMO_V4.m",40997,"9c72e6fb2e68b1719b69eea4366cf2464495708eff4a1c1a19f145452213fc4e"
