ProblemId,Family,Dimension,Replicate,Method,ProbeSeed,RfSeed,ProbeCount,ProbeFeasibleCount,ProbeInfeasibleCount,ProbeFeasibleRate,PredictedFeasibleRate,TruePositive,FalsePositive,FalseNegative,TrueNegative,AUC,AveragePrecision,Brier,BalancedBrier,ECE10,FalsePositiveRate,FalseNegativeRate,FalseDiscoveryRate,BalancedAccuracy,BalancedError,DomainError,ConfidentFalsePositiveRate,ConfidentFalseNegativeRate,AmbiguousRate,ZeroMass,OneMass,PredictionFile
WELDEDBEAM,WELDEDBEAM,4,1,clipped_GP_mean,2026073101,2026073501,262144,87209,174935,0.332675933837891,0.304477691650391,71808,8009,15401,166926,0.946739812738947,0.925907042397043,0.078095151298706,0.0916433330566754,0.0579388710895287,0.0457827192957384,0.176598745542318,0.100342032399113,0.888809267580972,0.111190732419028,0.0893020629882812,0.0154343041701203,0.0995424784139252,0.163253784179688,0.292774200439453,0.140922546386719,
WELDEDBEAM,WELDEDBEAM,4,1,offline_RF_proxy,2026073101,2026073501,262144,87209,174935,0.332675933837891,0.338104248046875,71942,16690,15267,158245,0.942253606535381,0.911748804985169,0.0941257091803117,0.0991650301863952,0.0842167513711112,0.0954068654071512,0.175062206882317,0.188306706381442,0.864765463855266,0.135234536144734,0.121906280517578,0.0464629719610141,0.0718159822954053,0.200969696044922,0,0.00153350830078125,
WELDEDBEAM,WELDEDBEAM,4,2,clipped_GP_mean,2026073101,2026073502,262144,87209,174935,0.332675933837891,0.399208068847656,77380,27270,9829,147665,0.939280915941565,0.895181216834919,0.104284702422946,0.09852122833368,0.101475939085897,0.155886472118215,0.112706257381692,0.260582895365504,0.865703635250046,0.134296364749954,0.141521453857422,0.0809557835767571,0.0589044708688323,0.173873901367188,0.204959869384766,0.1875,
WELDEDBEAM,WELDEDBEAM,4,2,offline_RF_proxy,2026073101,2026073502,262144,87209,174935,0.332675933837891,0.509239196777344,81654,51840,5555,123095,0.949466258508115,0.923631081978369,0.143286681908091,0.118024162024981,0.2005314166836,0.29633864006631,0.0636975541515211,0.388332059867859,0.819981902891084,0.180018097108916,0.218944549560547,0.178437705433447,0.0171656595076196,0.212509155273438,0,0.00646591186523438,
WELDEDBEAM,WELDEDBEAM,4,3,clipped_GP_mean,2026073101,2026073503,262144,87209,174935,0.332675933837891,0.341594696044922,70526,19021,16683,155914,0.920417590146839,0.881442101815294,0.107766073357671,0.112363130007174,0.0832547731544352,0.108731814674022,0.191299063170086,0.212413592861849,0.849984561077946,0.150015438922054,0.136199951171875,0.0452739588990196,0.0880872387024275,0.226188659667969,0.114715576171875,0.135063171386719,
WELDEDBEAM,WELDEDBEAM,4,3,offline_RF_proxy,2026073101,2026073503,262144,87209,174935,0.332675933837891,0.368991851806641,77594,19135,9615,155800,0.959617762737829,0.936137860678912,0.0974470847149245,0.0938955803408347,0.137550205919479,0.109383485294538,0.110252382208258,0.197820715607522,0.890182066248602,0.109817933751398,0.109672546386719,0.0290393574756338,0.0184499306264262,0.270282745361328,7.62939453125e-06,0.00258636474609375,
WELDEDBEAM,WELDEDBEAM,4,4,clipped_GP_mean,2026073101,2026073504,262144,87209,174935,0.332675933837891,0.299911499023438,67479,11141,19730,163794,0.928834326229708,0.892621034891126,0.091651317271115,0.107813613425619,0.0423483374933068,0.063686512133078,0.226238117625474,0.141706944797761,0.855037685120724,0.144962314879276,0.117763519287109,0.0272444050647383,0.124092696854682,0.160709381103516,0.235549926757812,0.126911163330078,
WELDEDBEAM,WELDEDBEAM,4,4,offline_RF_proxy,2026073101,2026073504,262144,87209,174935,0.332675933837891,0.430679321289062,80670,32230,6539,142705,0.94466834483397,0.905008412098575,0.114370222852107,0.102283339916546,0.133807381990727,0.184239860519622,0.07498079326675,0.285473870682019,0.870389673106814,0.129610326893186,0.147891998291016,0.101031811815817,0.0222454104507562,0.227260589599609,0,0.00054931640625,
WELDEDBEAM,WELDEDBEAM,4,5,clipped_GP_mean,2026073101,2026073505,262144,87209,174935,0.332675933837891,0.275066375732422,65319,6788,21890,168147,0.916465392331787,0.893689440059867,0.0936279468677034,0.118047760065801,0.0619247140111668,0.0388029839654729,0.251006203488172,0.0941378784306655,0.855095406273177,0.144904593726822,0.109397888183594,0.0110898333666791,0.162208028987834,0.16229248046875,0.332492828369141,0.118083953857422,
WELDEDBEAM,WELDEDBEAM,4,5,offline_RF_proxy,2026073101,2026073505,262144,87209,174935,0.332675933837891,0.328849792480469,68271,17935,18938,157000,0.941875517692732,0.910802080771834,0.0936877069288642,0.102936378008095,0.0968466666766578,0.102523794552262,0.217156486142485,0.208048163700902,0.840159859652626,0.159840140347374,0.140659332275391,0.0330065452882499,0.136052471648568,0.139278411865234,0.00154495239257812,0.000255584716796875,
CF1_D4,CF1,4,1,clipped_GP_mean,2026073102,2026073601,262144,130171,131973,0.496562957763672,0.245758056640625,54035,10389,76136,121584,0.818129879344149,0.763869082056583,0.213185559292066,0.214126967614972,0.19015320286553,0.0787206474051511,0.584892180285932,0.161259778964361,0.668193586154459,0.331806413845541,0.330066680908203,0.0215650170868284,0.219757088752487,0.471836090087891,0.173919677734375,0.00362396240234375,
CF1_D4,CF1,4,1,offline_RF_proxy,2026073102,2026073601,262144,130171,131973,0.496562957763672,0.131679534912109,25397,9122,104774,122851,0.716063515258589,0.677957925806505,0.284763422187821,0.286315696980613,0.253004921353053,0.0691201988285483,0.804895099522935,0.26426026246415,0.562992350824258,0.437007649175742,0.434478759765625,0.00769854439923318,0.566201381260035,0.294971466064453,0.00020599365234375,0,
CF1_D4,CF1,4,2,clipped_GP_mean,2026073102,2026073602,262144,130171,131973,0.496562957763672,0.185867309570312,41075,7649,89096,124324,0.825162159015067,0.770927844266038,0.220075831422613,0.221121092337105,0.211844781436789,0.0579588249111561,0.684453526515122,0.156986290123964,0.628793824286861,0.371206175713139,0.369052886962891,0.0234896531866367,0.256447288566578,0.436260223388672,0.207790374755859,0.00549697875976562,
CF1_D4,CF1,4,2,offline_RF_proxy,2026073102,2026073602,262144,130171,131973,0.496562957763672,0.129341125488281,30490,3416,99681,128557,0.767375865572542,0.779359045920727,0.2500411250716,0.251415972776518,0.228007467335494,0.0258840823501777,0.765769641471603,0.100749129947502,0.60417313808911,0.39582686191089,0.393283843994141,0.00128814227152524,0.454855536179333,0.320465087890625,0,0,
CF1_D4,CF1,4,3,clipped_GP_mean,2026073102,2026073603,262144,130171,131973,0.496562957763672,0.261341094970703,57746,10763,72425,121210,0.81532832912361,0.762615607084307,0.218077146151497,0.219076373603525,0.207409179050515,0.0815545604025066,0.556383526284656,0.157103446262535,0.681030956656419,0.318969043343581,0.317337036132812,0.0348177278685792,0.268700401779198,0.392051696777344,0.239917755126953,0.0101318359375,
CF1_D4,CF1,4,3,offline_RF_proxy,2026073102,2026073603,262144,130171,131973,0.496562957763672,0.203399658203125,45016,8304,85155,123669,0.782615446689436,0.751111676441666,0.230551888574439,0.2316461411246,0.188399287556845,0.062921961310268,0.654177965906385,0.155738934733683,0.641450036391674,0.358549963608326,0.356517791748047,0.0287861911148493,0.411566324296502,0.304454803466797,0,0,
CF1_D4,CF1,4,4,clipped_GP_mean,2026073102,2026073604,262144,130171,131973,0.496562957763672,0.187938690185547,42108,7159,88063,124814,0.818640706382231,0.782574474842322,0.222219096433383,0.223306621171963,0.212204908898507,0.0542459442461716,0.676517811186824,0.145310248239186,0.634618122283502,0.365381877716498,0.363243103027344,0.0226713039788442,0.283634603713577,0.391529083251953,0.210681915283203,0.00852584838867188,
CF1_D4,CF1,4,4,offline_RF_proxy,2026073102,2026073604,262144,130171,131973,0.496562957763672,0.140209197998047,28597,8158,101574,123815,0.752282571149032,0.716742427094239,0.258805395776839,0.260173958745053,0.224663120514501,0.0618156744182522,0.780312051071283,0.221956196435859,0.578936137255232,0.421063862744768,0.418594360351562,0.00659225750721739,0.524632982768819,0.297187805175781,0,0,
CF1_D4,CF1,4,5,clipped_GP_mean,2026073102,2026073605,262144,130171,131973,0.496562957763672,0.2940673828125,62872,14216,67299,117757,0.81073120960539,0.757537184386754,0.203991075342427,0.204707544514479,0.1564510855239,0.107719003129428,0.517004555546166,0.184412619344126,0.687638220662203,0.312361779337797,0.310955047607422,0.0362498389822161,0.181822372110532,0.479743957519531,0.186740875244141,0.0097198486328125,
CF1_D4,CF1,4,5,offline_RF_proxy,2026073102,2026073605,262144,130171,131973,0.496562957763672,0.198875427246094,45400,6734,84771,125239,0.796926130914944,0.791452150589542,0.220520765091016,0.221533205517121,0.172451765650795,0.0510255885673585,0.651228000092186,0.129167146200176,0.648873205670228,0.351126794329772,0.349063873291016,0.00291726337963068,0.323950803174286,0.432502746582031,0,0,
CF1_D10,CF1,10,1,clipped_GP_mean,2026073102,2026073601,262144,137352,124792,0.523956298828125,0.103874206542969,20768,6462,116584,118330,0.639540922374755,0.646629606107707,0.384576350524758,0.368954542170891,0.374921869494066,0.051782165523431,0.848797250859107,0.237311788468601,0.549710291808731,0.450289708191269,0.469383239746094,0.0238877492146932,0.740731842273866,0.131443023681641,0.48590087890625,0.011993408203125,
CF1_D10,CF1,10,1,offline_RF_proxy,2026073102,2026073601,262144,137352,124792,0.523956298828125,0.183151245117188,36333,11679,101019,113113,0.660228454121681,0.679391259096453,0.260941690365634,0.254021241629944,0.175570410269278,0.0935877299826912,0.735475275205312,0.24325168707823,0.585468497405998,0.414531502594002,0.429908752441406,0.020530162189884,0.430783679888171,0.407333374023438,0,0,
CF1_D10,CF1,10,2,clipped_GP_mean,2026073102,2026073602,262144,137352,124792,0.523956298828125,0.0873870849609375,17741,5167,119611,119625,0.63126583484706,0.64522583491116,0.387927024704881,0.371907264984203,0.378992223549186,0.0414048977498558,0.870835517502475,0.225554391478959,0.543879792373834,0.456120207626166,0.475990295410156,0.0170123084813129,0.765369270196284,0.125110626220703,0.455131530761719,0.00791549682617188,
CF1_D10,CF1,10,2,offline_RF_proxy,2026073102,2026073602,262144,137352,124792,0.523956298828125,0.384426116943359,72098,28677,65254,96115,0.692352827128338,0.722379683648926,0.224097456763509,0.222340366075601,0.0567181147721712,0.229798384511828,0.475085910652921,0.284564624162739,0.647557852417626,0.352442147582374,0.358318328857422,0.0472305917045964,0.146805288601549,0.641845703125,0,0,
CF1_D10,CF1,10,3,clipped_GP_mean,2026073102,2026073603,262144,137352,124792,0.523956298828125,0.161994934082031,35742,6724,101610,118068,0.651240802093484,0.69722997098145,0.345990281967778,0.332221318857614,0.327140623342165,0.0538816590807103,0.739778088415167,0.158338435454246,0.603170126252061,0.396829873747939,0.413261413574219,0.0206663888710815,0.63112295416157,0.153728485107422,0.477016448974609,0.026611328125,
CF1_D10,CF1,10,3,offline_RF_proxy,2026073102,2026073603,262144,137352,124792,0.523956298828125,0.287910461425781,56217,19257,81135,105535,0.676711848270896,0.722096321053668,0.234646156786858,0.230567352007991,0.107352541855403,0.154312776460029,0.590708544469684,0.255147468002226,0.627489339535143,0.372510660464857,0.382965087890625,0.0285675363805372,0.286118877045838,0.498947143554688,0,0,
CF1_D10,CF1,10,4,clipped_GP_mean,2026073102,2026073604,262144,137352,124792,0.523956298828125,0.113269805908203,22715,6978,114637,117814,0.654587893524438,0.664077265479135,0.349450672492295,0.335814834871887,0.332860975216991,0.0559170459644849,0.834621993127148,0.23500488330583,0.554730480454184,0.445269519545816,0.463924407958984,0.0188794153471376,0.673051721125284,0.192081451416016,0.329059600830078,0.00526809692382812,
CF1_D10,CF1,10,4,offline_RF_proxy,2026073102,2026073604,262144,137352,124792,0.523956298828125,0.403305053710938,79379,26345,57973,98447,0.737711626903997,0.75185450219812,0.210212739545779,0.208786908579323,0.0502426931214711,0.211111289185204,0.422076125575165,0.249186561234914,0.683406292619816,0.316593707380184,0.321647644042969,0.061510353227771,0.13722406663172,0.563911437988281,0,0,
CF1_D10,CF1,10,5,clipped_GP_mean,2026073102,2026073605,262144,137352,124792,0.523956298828125,0.168247222900391,37684,6421,99668,118371,0.697949567152489,0.731066640459353,0.318647406124094,0.306174305597108,0.305651171441657,0.0514536188217193,0.725639233502242,0.14558440086158,0.611453573838019,0.388546426161981,0.404697418212891,0.0195605487531252,0.596569398334207,0.170150756835938,0.373668670654297,0.0271987915039062,
CF1_D10,CF1,10,5,offline_RF_proxy,2026073102,2026073605,262144,137352,124792,0.523956298828125,0.385795593261719,75019,26115,62333,98677,0.734418951958355,0.744127530211545,0.215257403607435,0.214600178296846,0.0757700648131197,0.209268222321944,0.453819383773079,0.258221765182827,0.668456196952488,0.331543803047512,0.33740234375,0.137781268030002,0.155410915021259,0.444934844970703,0,0,
C2DTLZ2_D4_R02,C2DTLZ2_R02,4,1,clipped_GP_mean,2026073104,2026073801,262144,34193,227951,0.130435943603516,0.0479240417480469,7555,5008,26638,222943,0.489583485344236,0.295203663812344,0.198372399443837,0.259667136796883,0.284498182197495,0.0219696338248132,0.779048343228146,0.398630900262676,0.59949101147352,0.40050898852648,0.120719909667969,0.00114059600528184,0.21516099786506,0.794940948486328,0.0282478332519531,0.0036163330078125,
C2DTLZ2_D4_R02,C2DTLZ2_R02,4,1,offline_RF_proxy,2026073104,2026073801,262144,34193,227951,0.130435943603516,0.0942611694335938,10982,13728,23211,214223,0.743292791359565,0.399598114846536,0.104790292435065,0.257106763831828,0.0659513335883929,0.060223469078881,0.678823150937326,0.555564548765682,0.630476689991896,0.369523310008104,0.140911102294922,0.0128317050594207,0.451729886234024,0.177864074707031,0.0220985412597656,0,
C2DTLZ2_D4_R02,C2DTLZ2_R02,4,2,clipped_GP_mean,2026073104,2026073802,262144,34193,227951,0.130435943603516,0.150150299072266,9727,29634,24466,198317,0.511997383544216,0.294072309376759,0.196603496104719,0.269488066056051,0.271972256173584,0.130001623155854,0.715526569765741,0.75287721348543,0.577235903539202,0.422764096460798,0.206375122070312,0.0216800979157801,0.368554967390986,0.664909362792969,0.0400619506835938,0.0097808837890625,
C2DTLZ2_D4_R02,C2DTLZ2_R02,4,2,offline_RF_proxy,2026073104,2026073802,262144,34193,227951,0.130435943603516,0.154701232910156,15039,25515,19154,202436,0.736450843242316,0.384776971762963,0.121268061067722,0.235501519997847,0.103688479012282,0.111931950287562,0.560173134852163,0.629161118508655,0.663947457430138,0.336052542569862,0.170398712158203,0.0510592188672127,0.351036761910333,0.196636199951172,0,0,
C2DTLZ2_D4_R02,C2DTLZ2_R02,4,3,clipped_GP_mean,2026073104,2026073803,262144,34193,227951,0.130435943603516,0.187110900878906,16598,32452,17595,195499,0.628914603670691,0.442458377707619,0.178735031055627,0.238774082894574,0.262467290016435,0.142363929090024,0.514579007399175,0.661610601427115,0.671528531755401,0.328471468244599,0.190914154052734,0.0248562190997188,0.357880267891089,0.579643249511719,0.04937744140625,0.0120201110839844,
C2DTLZ2_D4_R02,C2DTLZ2_R02,4,3,offline_RF_proxy,2026073104,2026073803,262144,34193,227951,0.130435943603516,0.264308929443359,23039,46248,11154,181703,0.859077059307891,0.52198750344651,0.130515239048857,0.162523041660931,0.18499551860113,0.202885707893363,0.32620711841605,0.667484520905798,0.735453586845293,0.264546413154707,0.218971252441406,0.0679926826379353,0.159389348697102,0.254241943359375,0,0,
C2DTLZ2_D4_R02,C2DTLZ2_R02,4,4,clipped_GP_mean,2026073104,2026073804,262144,34193,227951,0.130435943603516,0.141819000244141,14416,22761,19777,205190,0.593454866828033,0.413323792567145,0.179774644454992,0.252500596104395,0.265975781095163,0.0998504064469996,0.578393238382125,0.612233370094413,0.660878177585438,0.339121822414562,0.162269592285156,0.0172405473106062,0.380633462989501,0.609615325927734,0.04852294921875,0.012420654296875,
C2DTLZ2_D4_R02,C2DTLZ2_R02,4,4,offline_RF_proxy,2026073104,2026073804,262144,34193,227951,0.130435943603516,0.107105255126953,11777,16300,22416,211651,0.841911980589192,0.42263014655007,0.103465563438662,0.218793302770801,0.0848782836318646,0.0715065957157459,0.655572778053988,0.580546354667521,0.636460313115133,0.363539686884867,0.147689819335938,0.0319059797939031,0.449682683590209,0.142818450927734,0,0,
C2DTLZ2_D4_R02,C2DTLZ2_R02,4,5,clipped_GP_mean,2026073104,2026073805,262144,34193,227951,0.130435943603516,0.053680419921875,7497,6575,26696,221376,0.532180499848863,0.299485766468698,0.196447397399694,0.247666027904727,0.287525218396014,0.0288439182104926,0.780744596847308,0.467239909039227,0.5952057424711,0.4047942575289,0.126918792724609,0.000780869572846796,0.129821893369988,0.816307067871094,0.0257034301757812,0.00241851806640625,
C2DTLZ2_D4_R02,C2DTLZ2_R02,4,5,offline_RF_proxy,2026073104,2026073805,262144,34193,227951,0.130435943603516,0.0705451965332031,9302,9191,24891,218760,0.793557064842346,0.423126922137056,0.0979069143090942,0.250353427095283,0.0451212640792604,0.0403200687867129,0.72795601438891,0.496998864435192,0.615861958412188,0.384138041587811,0.130012512207031,0.0110067514509697,0.44956570058199,0.157264709472656,2.288818359375e-05,0,
C2DTLZ2_D6_R02,C2DTLZ2_R02,6,1,clipped_GP_mean,2026073104,2026073801,262144,7360,254784,0.028076171875,0.026702880859375,2278,4722,5082,250062,0.447859750381909,0.247468206257839,0.103065503504916,0.349274297659853,0.261019252349317,0.0185333458929917,0.690489130434783,0.674571428571429,0.645488761836113,0.354511238163887,0.0373992919921875,0.00395236749560412,0.59633152173913,0.333988189697266,0.0800209045410156,0.00180435180664062,
C2DTLZ2_D6_R02,C2DTLZ2_R02,6,1,offline_RF_proxy,2026073104,2026073801,262144,7360,254784,0.028076171875,0.0646171569824219,3220,13719,4140,241065,0.757373881981361,0.276497174879664,0.0563588918429998,0.276406404760171,0.101171055268989,0.0538456103993971,0.5625,0.809906133774131,0.691827194800301,0.308172805199699,0.0681266784667969,0.00990250565184627,0.500271739130435,0.143672943115234,0,3.814697265625e-06,
C2DTLZ2_D6_R02,C2DTLZ2_R02,6,2,clipped_GP_mean,2026073104,2026073802,262144,7360,254784,0.028076171875,0,0,0,7360,254784,0.5,0.028076171875,0.028076171875,0.5,0.028076171875,0,1,NaN,0.5,0.5,0.028076171875,0,1,0,1,0,
C2DTLZ2_D6_R02,C2DTLZ2_R02,6,2,offline_RF_proxy,2026073104,2026073802,262144,7360,254784,0.028076171875,0,0,0,7360,254784,0.5,0.028076171875,0.0277500311093313,0.493464335180033,0.0214972245065788,0,1,NaN,0.5,0.5,0.028076171875,0,1,0,0,0,
C2DTLZ2_D6_R02,C2DTLZ2_R02,6,3,clipped_GP_mean,2026073104,2026073803,262144,7360,254784,0.028076171875,0.0327186584472656,1611,6966,5749,247818,0.579465077739763,0.161148626620565,0.0412078191362356,0.395010594208054,0.0572313781711838,0.0273408063300678,0.781114130434783,0.812172088142707,0.595772531617575,0.404227468382425,0.0485038757324219,0.0128618751569957,0.767391304347826,0.0382537841796875,0.849098205566406,0.00397491455078125,
C2DTLZ2_D6_R02,C2DTLZ2_R02,6,3,offline_RF_proxy,2026073104,2026073803,262144,7360,254784,0.028076171875,0.0292701721191406,1453,6220,5907,248564,0.771361323464189,0.195155613334736,0.0383782512947555,0.381207180306097,0.0453612003755317,0.0244128359708616,0.80258152173913,0.81063469307963,0.586502821145004,0.413497178854996,0.0462608337402344,0.0054830758603366,0.785733695652174,0.0509452819824219,0.0510139465332031,1.52587890625e-05,
C2DTLZ2_D6_R02,C2DTLZ2_R02,6,4,clipped_GP_mean,2026073104,2026073804,262144,7360,254784,0.028076171875,0,0,0,7360,254784,0.5,0.028076171875,0.028076171875,0.5,0.028076171875,0,1,NaN,0.5,0.5,0.028076171875,0,1,0,1,0,
C2DTLZ2_D6_R02,C2DTLZ2_R02,6,4,offline_RF_proxy,2026073104,2026073804,262144,7360,254784,0.028076171875,0,0,0,7360,254784,0.5,0.028076171875,0.0277500311093313,0.493464335180033,0.0214972245065788,0,1,NaN,0.5,0.5,0.028076171875,0,1,0,0,0,
C2DTLZ2_D6_R02,C2DTLZ2_R02,6,5,clipped_GP_mean,2026073104,2026073805,262144,7360,254784,0.028076171875,0.00926589965820312,660,1769,6700,253015,0.6160430992527,0.0943556033691762,0.0295416866631645,0.427149097769957,0.0300431730511024,0.00694313614669681,0.910326086956522,0.728283244133388,0.541365388448391,0.458634611551609,0.0323066711425781,0.00295936950514946,0.864402173913044,0.0138587951660156,0.929412841796875,0.000827789306640625,
C2DTLZ2_D6_R02,C2DTLZ2_R02,6,5,offline_RF_proxy,2026073104,2026073805,262144,7360,254784,0.028076171875,0.0009307861328125,85,159,7275,254625,0.667523961473248,0.0727302305171174,0.027916380860713,0.450481803523422,0.0174955946932394,0.000624058025621703,0.988451086956522,0.651639344262295,0.505462427508928,0.494537572491072,0.0283584594726562,7.84978648580759e-06,0.954755434782609,0.00763320922851562,0.290576934814453,0,
MW7_D4,MW7,4,1,clipped_GP_mean,2026073106,2026074001,262144,11454,250690,0.0436935424804688,0.0527191162109375,4217,9603,7237,241087,0.586398136742382,0.320026965389972,0.216402453305332,0.249129865676182,0.417325502658055,0.038306274681878,0.631831674524184,0.694862518089725,0.664931025396969,0.335068974603031,0.064239501953125,0.00316725836690734,0.151999301554042,0.913238525390625,0.0153427124023438,0.00386428833007812,
MW7_D4,MW7,4,1,offline_RF_proxy,2026073106,2026074001,262144,11454,250690,0.0436935424804688,0.0321006774902344,3126,5289,8328,245401,0.795724045914749,0.303760634072946,0.0491275375158795,0.266517794692256,0.0845746835829714,0.0210977701543739,0.727082242011524,0.628520499108734,0.625909993917051,0.374090006082949,0.0519447326660156,0.0100801787067693,0.620132704731971,0.0459365844726562,0,2.288818359375e-05,
MW7_D4,MW7,4,2,clipped_GP_mean,2026073106,2026074002,262144,11454,250690,0.0436935424804688,0.037750244140625,3766,6130,7688,244560,0.447523922850182,0.251784347830646,0.204704033695162,0.315613346054997,0.397959294251994,0.0244525110694483,0.671206565392003,0.61944219886823,0.652170461769274,0.347829538230726,0.0527114868164062,0.00333479596314173,0.396979221232757,0.853580474853516,0.0278778076171875,0.00223159790039062,
MW7_D4,MW7,4,2,offline_RF_proxy,2026073106,2026074002,262144,11454,250690,0.0436935424804688,0.011077880859375,1731,1173,9723,249517,0.85244053111509,0.321739136528093,0.0414808934911961,0.272408516247537,0.0693837319606196,0.00467908572340341,0.848873755893138,0.403925619834711,0.573223579191729,0.426776420808271,0.04156494140625,0.00239738322230643,0.658023397939584,0.0331916809082031,0,0,
MW7_D4,MW7,4,3,clipped_GP_mean,2026073106,2026074003,262144,11454,250690,0.0436935424804688,0.0214996337890625,3175,2461,8279,248229,0.62307359311837,0.299638815125618,0.17629207167765,0.256998780460238,0.363049763378645,0.00981690534125813,0.722804260520342,0.436657203690561,0.6336894170692,0.3663105829308,0.0409698486328125,0.00141609158721927,0.203946219661254,0.82269287109375,0.023223876953125,0.00214385986328125,
MW7_D4,MW7,4,3,offline_RF_proxy,2026073106,2026074003,262144,11454,250690,0.0436935424804688,0.0197219848632812,2993,2177,8461,248513,0.804246697309942,0.359515990696069,0.0397211791714809,0.281519806769886,0.0498503623689924,0.00868403207148271,0.738693906059019,0.421083172147002,0.626311030934749,0.373688969065251,0.0405807495117188,0.00125254298137141,0.604243059193295,0.0430107116699219,0.07891845703125,0,
MW7_D4,MW7,4,4,clipped_GP_mean,2026073106,2026074004,262144,11454,250690,0.0436935424804688,0.0123367309570312,868,2366,10586,248324,0.434709567056771,0.0691344001011655,0.0565885924558985,0.419386020340231,0.079947239062693,0.00943795125453748,0.924218613584774,0.731601731601732,0.533171717580344,0.466828282419656,0.049407958984375,0.0064821093781164,0.887724812292649,0.0126113891601562,0.285045623779297,0.00407791137695312,
MW7_D4,MW7,4,4,offline_RF_proxy,2026073106,2026074004,262144,11454,250690,0.0436935424804688,0.002685546875,304,400,11150,250290,0.830586698574689,0.189817186519482,0.0386918563596754,0.393014185198617,0.0114558656253512,0.00159559615461327,0.973459053605727,0.568181818181818,0.51247267511983,0.48752732488017,0.0440597534179688,3.19119230922653e-05,0.907630522088353,0.0131568908691406,0.252117156982422,0,
MW7_D4,MW7,4,5,clipped_GP_mean,2026073106,2026074005,262144,11454,250690,0.0436935424804688,0.025177001953125,2731,3869,8723,246821,0.345514073665849,0.16990697280337,0.216251272644862,0.335513548302402,0.41181562951638,0.0154334038054968,0.761568011175135,0.586212121212121,0.611499292509684,0.388500707490316,0.04803466796875,0.00205034105867805,0.438885978697398,0.886070251464844,0.0253715515136719,0.0010223388671875,
MW7_D4,MW7,4,5,offline_RF_proxy,2026073106,2026074005,262144,11454,250690,0.0436935424804688,0.000652313232421875,135,36,11319,250654,0.776597116665529,0.209408489542171,0.0399999865004784,0.358438591440754,0.0372934414217713,0.000143603653915194,0.98821372446307,0.210526315789474,0.505821335941508,0.494178664058492,0.0433158874511719,1.19669711595995e-05,0.897939584424655,0.00918960571289062,0,0,
MW7_D6,MW7,6,1,clipped_GP_mean,2026073106,2026074001,262144,1670,260474,0.00637054443359375,8.7738037109375e-05,13,10,1657,260464,0.520412076711922,0.0304856322291759,0.00627479717492025,0.490121995642633,0.00624330281318758,3.83915477168547e-05,0.992215568862275,0.434782608695652,0.503873019795004,0.496126980204996,0.00635910034179688,2.68740834017983e-05,0.983233532934132,8.7738037109375e-05,0.999237060546875,1.9073486328125e-05,
MW7_D6,MW7,6,1,offline_RF_proxy,2026073106,2026074001,262144,1670,260474,0.00637054443359375,0,0,0,1670,260474,0.764348493826018,0.0298090544196344,0.00627517029758552,0.482499755914998,0.00289424225136085,0,1,NaN,0.5,0.5,0.00637054443359375,0,1,0,0.727931976318359,0,
MW7_D6,MW7,6,2,clipped_GP_mean,2026073106,2026074002,262144,1670,260474,0.00637054443359375,0.00850677490234375,634,1596,1036,258878,0.450739882137489,0.283644078894748,0.195743937721643,0.281797562069182,0.430648608452355,0.00612729101561,0.620359281437126,0.715695067264574,0.686756713773632,0.313243286226368,0.010040283203125,0.000879166442715972,0.386826347305389,0.926666259765625,0.00296783447265625,0.0006561279296875,
MW7_D6,MW7,6,2,offline_RF_proxy,2026073106,2026074002,262144,1670,260474,0.00637054443359375,0.0219573974609375,773,4983,897,255491,0.826428175920095,0.273795824743888,0.0288605699264453,0.227265737321409,0.109973112956557,0.0191305082273087,0.537125748502994,0.865705350938151,0.721871871634849,0.278128128365151,0.022430419921875,0.00449948939241537,0.488023952095808,0.05609130859375,0,0,
MW7_D6,MW7,6,3,clipped_GP_mean,2026073106,2026074003,262144,1670,260474,0.00637054443359375,0.0076446533203125,355,1649,1315,258825,0.681400965278454,0.0985947265788698,0.00985448405036028,0.363572724553961,0.0131377095433473,0.00633076621850933,0.787425149700599,0.822854291417166,0.603122042040446,0.396877957959554,0.0113067626953125,0.00326328155593265,0.725748502994012,0.00983047485351562,0.947269439697266,0.00113677978515625,
MW7_D6,MW7,6,3,offline_RF_proxy,2026073106,2026074003,262144,1670,260474,0.00637054443359375,0,0,0,1670,260474,0.849085575403551,0.0582499490993609,0.00615859409004971,0.462630328136338,0.000911210668150111,0,1,NaN,0.5,0.5,0.00637054443359375,0,1,0,0.519809722900391,0,
MW7_D6,MW7,6,4,clipped_GP_mean,2026073106,2026074004,262144,1670,260474,0.00637054443359375,0.000537872314453125,63,78,1607,260396,0.143859284586612,0.0298291747596747,0.0642571893719854,0.4632267491423,0.216984185100232,0.000299454072191466,0.962275449101796,0.553191489361702,0.518712548413006,0.481287451586994,0.00642776489257812,0.000103657178835508,0.944910179640719,0.100570678710938,0.038818359375,6.866455078125e-05,
MW7_D6,MW7,6,4,offline_RF_proxy,2026073106,2026074004,262144,1670,260474,0.00637054443359375,0.0008392333984375,78,142,1592,260332,0.789176223824838,0.0780795788272281,0.00813688870971866,0.407714236958372,0.0166933510795472,0.000545159977579336,0.953293413173653,0.645454545454546,0.523080713424384,0.476919286575616,0.00661468505859375,6.14264763469674e-05,0.895808383233533,0.00299835205078125,0.346920013427734,0,
MW7_D6,MW7,6,5,clipped_GP_mean,2026073106,2026074005,262144,1670,260474,0.00637054443359375,0.00144195556640625,129,249,1541,260225,0.515919687456939,0.0665995047758901,0.0110345845463361,0.417299775406661,0.0347930599713747,0.000955949538149681,0.922754491017964,0.658730158730159,0.538144779721943,0.461855220278057,0.00682830810546875,0.000295614917419781,0.861077844311377,0.0033111572265625,0.529537200927734,8.0108642578125e-05,
MW7_D6,MW7,6,5,offline_RF_proxy,2026073106,2026074005,262144,1670,260474,0.00637054443359375,3.814697265625e-06,1,0,1669,260474,0.876702490425217,0.112836644666729,0.00686949927438398,0.395288903494166,0.0195745641970761,0,0.99940119760479,0,0.500299401197605,0.499700598802395,0.00636672973632812,0,0.962874251497006,0.000453948974609375,0.187034606933594,0,
