Family,Method,Replicate,LowDimension,HighDimension,LowPrevalence,HighPrevalence,LowAUC,HighAUC,DeltaAUC,LowAveragePrecision,HighAveragePrecision,DeltaAveragePrecision,LowBrier,HighBrier,DeltaBrier,LowBalancedBrier,HighBalancedBrier,DeltaBalancedBrier,LowECE10,HighECE10,DeltaECE10,LowBalancedAccuracy,HighBalancedAccuracy,DeltaBalancedAccuracy,LowBalancedError,HighBalancedError,DeltaBalancedError,LowFalsePositiveRate,HighFalsePositiveRate,DeltaFalsePositiveRate,LowFalseNegativeRate,HighFalseNegativeRate,DeltaFalseNegativeRate,LowFalseDiscoveryRate,HighFalseDiscoveryRate,DeltaFalseDiscoveryRate,LowDomainError,HighDomainError,DeltaDomainError,LowConfidentFalsePositiveRate,HighConfidentFalsePositiveRate,DeltaConfidentFalsePositiveRate,LowConfidentFalseNegativeRate,HighConfidentFalseNegativeRate,DeltaConfidentFalseNegativeRate,LowPredictedFeasibleRate,HighPredictedFeasibleRate,DeltaPredictedFeasibleRate,LowAmbiguousRate,HighAmbiguousRate,DeltaAmbiguousRate,LowZeroMass,HighZeroMass,DeltaZeroMass,LowOneMass,HighOneMass,DeltaOneMass
CF1,clipped_GP_mean,1,4,10,0.496562957763672,0.523956298828125,0.818129879344149,0.639540922374755,-0.178588956969394,0.763869082056583,0.646629606107707,-0.117239475948876,0.213185559292066,0.384576350524758,0.171390791232692,0.214126967614972,0.368954542170891,0.154827574555919,0.19015320286553,0.374921869494066,0.184768666628536,0.668193586154459,0.549710291808731,-0.118483294345727,0.331806413845541,0.450289708191269,0.118483294345727,0.0787206474051511,0.051782165523431,-0.0269384818817201,0.584892180285932,0.848797250859107,0.263905070573175,0.161259778964361,0.237311788468601,0.0760520095042397,0.330066680908203,0.469383239746094,0.139316558837891,0.0215650170868284,0.0238877492146932,0.00232273212786488,0.219757088752487,0.740731842273866,0.520974753521379,0.245758056640625,0.103874206542969,-0.141883850097656,0.471836090087891,0.131443023681641,-0.34039306640625,0.173919677734375,0.48590087890625,0.311981201171875,0.00362396240234375,0.011993408203125,0.00836944580078125
CF1,clipped_GP_mean,2,4,10,0.496562957763672,0.523956298828125,0.825162159015067,0.63126583484706,-0.193896324168007,0.770927844266038,0.64522583491116,-0.125702009354878,0.220075831422613,0.387927024704881,0.167851193282268,0.221121092337105,0.371907264984203,0.150786172647098,0.211844781436789,0.378992223549186,0.167147442112397,0.628793824286861,0.543879792373834,-0.0849140319130263,0.371206175713139,0.456120207626166,0.0849140319130263,0.0579588249111561,0.0414048977498558,-0.0165539271613003,0.684453526515122,0.870835517502475,0.186381990987353,0.156986290123964,0.225554391478959,0.0685681013549957,0.369052886962891,0.475990295410156,0.106937408447266,0.0234896531866367,0.0170123084813129,-0.00647734470532376,0.256447288566578,0.765369270196284,0.508921981629706,0.185867309570312,0.0873870849609375,-0.098480224609375,0.436260223388672,0.125110626220703,-0.311149597167969,0.207790374755859,0.455131530761719,0.247341156005859,0.00549697875976562,0.00791549682617188,0.00241851806640625
CF1,clipped_GP_mean,3,4,10,0.496562957763672,0.523956298828125,0.81532832912361,0.651240802093484,-0.164087527030126,0.762615607084307,0.69722997098145,-0.0653856361028575,0.218077146151497,0.345990281967778,0.127913135816281,0.219076373603525,0.332221318857614,0.113144945254089,0.207409179050515,0.327140623342165,0.11973144429165,0.681030956656419,0.603170126252061,-0.0778608304043571,0.318969043343581,0.396829873747939,0.0778608304043572,0.0815545604025066,0.0538816590807103,-0.0276729013217963,0.556383526284656,0.739778088415167,0.183394562130511,0.157103446262535,0.158338435454246,0.00123498919171089,0.317337036132812,0.413261413574219,0.0959243774414062,0.0348177278685792,0.0206663888710815,-0.0141513389974977,0.268700401779198,0.63112295416157,0.362422552382372,0.261341094970703,0.161994934082031,-0.0993461608886719,0.392051696777344,0.153728485107422,-0.238323211669922,0.239917755126953,0.477016448974609,0.237098693847656,0.0101318359375,0.026611328125,0.0164794921875
CF1,clipped_GP_mean,4,4,10,0.496562957763672,0.523956298828125,0.818640706382231,0.654587893524438,-0.164052812857792,0.782574474842322,0.664077265479135,-0.118497209363187,0.222219096433383,0.349450672492295,0.127231576058912,0.223306621171963,0.335814834871887,0.112508213699924,0.212204908898507,0.332860975216991,0.120656066318483,0.634618122283502,0.554730480454184,-0.0798876418293187,0.365381877716498,0.445269519545816,0.0798876418293188,0.0542459442461716,0.0559170459644849,0.00167110171831333,0.676517811186824,0.834621993127148,0.158104181940324,0.145310248239186,0.23500488330583,0.0896946350666432,0.363243103027344,0.463924407958984,0.100681304931641,0.0226713039788442,0.0188794153471376,-0.00379188863170652,0.283634603713577,0.673051721125284,0.389417117411707,0.187938690185547,0.113269805908203,-0.0746688842773438,0.391529083251953,0.192081451416016,-0.199447631835938,0.210681915283203,0.329059600830078,0.118377685546875,0.00852584838867188,0.00526809692382812,-0.00325775146484375
CF1,clipped_GP_mean,5,4,10,0.496562957763672,0.523956298828125,0.81073120960539,0.697949567152489,-0.112781642452901,0.757537184386754,0.731066640459353,-0.0264705439274003,0.203991075342427,0.318647406124094,0.114656330781666,0.204707544514479,0.306174305597108,0.101466761082629,0.1564510855239,0.305651171441657,0.149200085917757,0.687638220662203,0.611453573838019,-0.0761846468241838,0.312361779337797,0.388546426161981,0.0761846468241838,0.107719003129428,0.0514536188217193,-0.0562653843077087,0.517004555546166,0.725639233502242,0.208634677956076,0.184412619344126,0.14558440086158,-0.0388282184825459,0.310955047607422,0.404697418212891,0.0937423706054688,0.0362498389822161,0.0195605487531252,-0.0166892902290909,0.181822372110532,0.596569398334207,0.414747026223675,0.2940673828125,0.168247222900391,-0.125820159912109,0.479743957519531,0.170150756835938,-0.309593200683594,0.186740875244141,0.373668670654297,0.186927795410156,0.0097198486328125,0.0271987915039062,0.0174789428710938
CF1,offline_RF_proxy,1,4,10,0.496562957763672,0.523956298828125,0.716063515258589,0.660228454121681,-0.0558350611369078,0.677957925806505,0.679391259096453,0.00143333328994777,0.284763422187821,0.260941690365634,-0.0238217318221872,0.286315696980613,0.254021241629944,-0.0322944553506689,0.253004921353053,0.175570410269278,-0.0774345110837747,0.562992350824258,0.585468497405998,0.0224761465817402,0.437007649175742,0.414531502594002,-0.0224761465817402,0.0691201988285483,0.0935877299826912,0.0244675311541429,0.804895099522935,0.735475275205312,-0.0694198243176234,0.26426026246415,0.24325168707823,-0.0210085753859197,0.434478759765625,0.429908752441406,-0.00457000732421875,0.00769854439923318,0.020530162189884,0.0128316177906508,0.566201381260035,0.430783679888171,-0.135417701371864,0.131679534912109,0.183151245117188,0.0514717102050781,0.294971466064453,0.407333374023438,0.112361907958984,0.00020599365234375,0,-0.00020599365234375,0,0,0
CF1,offline_RF_proxy,2,4,10,0.496562957763672,0.523956298828125,0.767375865572542,0.692352827128338,-0.0750230384442041,0.779359045920727,0.722379683648926,-0.0569793622718009,0.2500411250716,0.224097456763509,-0.0259436683080915,0.251415972776518,0.222340366075601,-0.029075606700916,0.228007467335494,0.0567181147721712,-0.171289352563323,0.60417313808911,0.647557852417626,0.043384714328516,0.39582686191089,0.352442147582374,-0.0433847143285159,0.0258840823501777,0.229798384511828,0.20391430216165,0.765769641471603,0.475085910652921,-0.290683730818682,0.100749129947502,0.284564624162739,0.183815494215237,0.393283843994141,0.358318328857422,-0.0349655151367188,0.00128814227152524,0.0472305917045964,0.0459424494330712,0.454855536179333,0.146805288601549,-0.308050247577784,0.129341125488281,0.384426116943359,0.255084991455078,0.320465087890625,0.641845703125,0.321380615234375,0,0,0,0,0,0
CF1,offline_RF_proxy,3,4,10,0.496562957763672,0.523956298828125,0.782615446689436,0.676711848270896,-0.10590359841854,0.751111676441666,0.722096321053668,-0.029015355387998,0.230551888574439,0.234646156786858,0.00409426821241923,0.2316461411246,0.230567352007991,-0.0010787891166088,0.188399287556845,0.107352541855403,-0.0810467457014419,0.641450036391674,0.627489339535143,-0.0139606968565302,0.358549963608326,0.372510660464857,0.0139606968565302,0.062921961310268,0.154312776460029,0.0913908151497615,0.654177965906385,0.590708544469684,-0.063469421436701,0.155738934733683,0.255147468002226,0.0994085332685425,0.356517791748047,0.382965087890625,0.0264472961425781,0.0287861911148493,0.0285675363805372,-0.000218654734312037,0.411566324296502,0.286118877045838,-0.125447447250664,0.203399658203125,0.287910461425781,0.0845108032226562,0.304454803466797,0.498947143554688,0.194492340087891,0,0,0,0,0,0
CF1,offline_RF_proxy,4,4,10,0.496562957763672,0.523956298828125,0.752282571149032,0.737711626903997,-0.0145709442450346,0.716742427094239,0.75185450219812,0.0351120751038808,0.258805395776839,0.210212739545779,-0.0485926562310597,0.260173958745053,0.208786908579323,-0.0513870501657303,0.224663120514501,0.0502426931214711,-0.17442042739303,0.578936137255232,0.683406292619816,0.104470155364583,0.421063862744768,0.316593707380184,-0.104470155364583,0.0618156744182522,0.211111289185204,0.149295614766952,0.780312051071283,0.422076125575165,-0.358235925496119,0.221956196435859,0.249186561234914,0.0272303647990545,0.418594360351562,0.321647644042969,-0.0969467163085938,0.00659225750721739,0.061510353227771,0.0549180957205536,0.524632982768819,0.13722406663172,-0.387408916137099,0.140209197998047,0.403305053710938,0.263095855712891,0.297187805175781,0.563911437988281,0.2667236328125,0,0,0,0,0,0
CF1,offline_RF_proxy,5,4,10,0.496562957763672,0.523956298828125,0.796926130914944,0.734418951958355,-0.0625071789565896,0.791452150589542,0.744127530211545,-0.0473246203779966,0.220520765091016,0.215257403607435,-0.0052633614835812,0.221533205517121,0.214600178296846,-0.00693302722027522,0.172451765650795,0.0757700648131197,-0.0966817008376751,0.648873205670228,0.668456196952488,0.0195829912822609,0.351126794329772,0.331543803047512,-0.0195829912822609,0.0510255885673585,0.209268222321944,0.158242633754585,0.651228000092186,0.453819383773079,-0.197408616319107,0.129167146200176,0.258221765182827,0.12905461898265,0.349063873291016,0.33740234375,-0.0116615295410156,0.00291726337963068,0.137781268030002,0.134864004650371,0.323950803174286,0.155410915021259,-0.168539888153027,0.198875427246094,0.385795593261719,0.186920166015625,0.432502746582031,0.444934844970703,0.0124320983886719,0,0,0,0,0,0
C2DTLZ2_R02,clipped_GP_mean,1,4,6,0.130435943603516,0.028076171875,0.489583485344236,0.447859750381909,-0.0417237349623267,0.295203663812344,0.247468206257839,-0.0477354575545053,0.198372399443837,0.103065503504916,-0.0953068959389216,0.259667136796883,0.349274297659853,0.0896071608629703,0.284498182197495,0.261019252349317,-0.023478929848178,0.59949101147352,0.645488761836113,0.0459977503625925,0.40050898852648,0.354511238163887,-0.0459977503625925,0.0219696338248132,0.0185333458929917,-0.00343628793182152,0.779048343228146,0.690489130434783,-0.0885592127933634,0.398630900262676,0.674571428571429,0.275940528308752,0.120719909667969,0.0373992919921875,-0.0833206176757812,0.00114059600528184,0.00395236749560412,0.00281177149032228,0.21516099786506,0.59633152173913,0.38117052387407,0.0479240417480469,0.026702880859375,-0.0212211608886719,0.794940948486328,0.333988189697266,-0.460952758789062,0.0282478332519531,0.0800209045410156,0.0517730712890625,0.0036163330078125,0.00180435180664062,-0.00181198120117188
C2DTLZ2_R02,clipped_GP_mean,2,4,6,0.130435943603516,0.028076171875,0.511997383544216,0.5,-0.0119973835442159,0.294072309376759,0.028076171875,-0.265996137501759,0.196603496104719,0.028076171875,-0.168527324229719,0.269488066056051,0.5,0.230511933943949,0.271972256173584,0.028076171875,-0.243896084298584,0.577235903539202,0.5,-0.0772359035392024,0.422764096460798,0.5,0.0772359035392024,0.130001623155854,0,-0.130001623155854,0.715526569765741,1,0.284473430234259,0.75287721348543,NaN,NaN,0.206375122070312,0.028076171875,-0.178298950195312,0.0216800979157801,0,-0.0216800979157801,0.368554967390986,1,0.631445032609014,0.150150299072266,0,-0.150150299072266,0.664909362792969,0,-0.664909362792969,0.0400619506835938,1,0.959938049316406,0.0097808837890625,0,-0.0097808837890625
C2DTLZ2_R02,clipped_GP_mean,3,4,6,0.130435943603516,0.028076171875,0.628914603670691,0.579465077739763,-0.0494495259309279,0.442458377707619,0.161148626620565,-0.281309751087055,0.178735031055627,0.0412078191362356,-0.137527211919392,0.238774082894574,0.395010594208054,0.15623651131348,0.262467290016435,0.0572313781711838,-0.205235911845252,0.671528531755401,0.595772531617575,-0.0757560001378257,0.328471468244599,0.404227468382425,0.0757560001378257,0.142363929090024,0.0273408063300678,-0.115023122759956,0.514579007399175,0.781114130434783,0.266535123035607,0.661610601427115,0.812172088142707,0.150561486715592,0.190914154052734,0.0485038757324219,-0.142410278320312,0.0248562190997188,0.0128618751569957,-0.0119943439427231,0.357880267891089,0.767391304347826,0.409511036456737,0.187110900878906,0.0327186584472656,-0.154392242431641,0.579643249511719,0.0382537841796875,-0.541389465332031,0.04937744140625,0.849098205566406,0.799720764160156,0.0120201110839844,0.00397491455078125,-0.00804519653320312
C2DTLZ2_R02,clipped_GP_mean,4,4,6,0.130435943603516,0.028076171875,0.593454866828033,0.5,-0.0934548668280328,0.413323792567145,0.028076171875,-0.385247620692145,0.179774644454992,0.028076171875,-0.151698472579992,0.252500596104395,0.5,0.247499403895605,0.265975781095163,0.028076171875,-0.237899609220163,0.660878177585438,0.5,-0.160878177585438,0.339121822414562,0.5,0.160878177585438,0.0998504064469996,0,-0.0998504064469996,0.578393238382125,1,0.421606761617875,0.612233370094413,NaN,NaN,0.162269592285156,0.028076171875,-0.134193420410156,0.0172405473106062,0,-0.0172405473106062,0.380633462989501,1,0.619366537010499,0.141819000244141,0,-0.141819000244141,0.609615325927734,0,-0.609615325927734,0.04852294921875,1,0.95147705078125,0.012420654296875,0,-0.012420654296875
C2DTLZ2_R02,clipped_GP_mean,5,4,6,0.130435943603516,0.028076171875,0.532180499848863,0.6160430992527,0.0838625994038373,0.299485766468698,0.0943556033691762,-0.205130163099522,0.196447397399694,0.0295416866631645,-0.166905710736529,0.247666027904727,0.427149097769957,0.17948306986523,0.287525218396014,0.0300431730511024,-0.257482045344912,0.5952057424711,0.541365388448391,-0.053840354022709,0.4047942575289,0.458634611551609,0.053840354022709,0.0288439182104926,0.00694313614669681,-0.0219007820637958,0.780744596847308,0.910326086956522,0.129581490109214,0.467239909039227,0.728283244133388,0.261043335094161,0.126918792724609,0.0323066711425781,-0.0946121215820312,0.000780869572846796,0.00295936950514946,0.00217849993230266,0.129821893369988,0.864402173913044,0.734580280543055,0.053680419921875,0.00926589965820312,-0.0444145202636719,0.816307067871094,0.0138587951660156,-0.802448272705078,0.0257034301757812,0.929412841796875,0.903709411621094,0.00241851806640625,0.000827789306640625,-0.00159072875976562
C2DTLZ2_R02,offline_RF_proxy,1,4,6,0.130435943603516,0.028076171875,0.743292791359565,0.757373881981361,0.0140810906217964,0.399598114846536,0.276497174879664,-0.123100939966871,0.104790292435065,0.0563588918429998,-0.0484314005920653,0.257106763831828,0.276406404760171,0.0192996409283434,0.0659513335883929,0.101171055268989,0.0352197216805961,0.630476689991896,0.691827194800301,0.0613505048084051,0.369523310008104,0.308172805199699,-0.0613505048084051,0.060223469078881,0.0538456103993971,-0.00637785867948385,0.678823150937326,0.5625,-0.116323150937326,0.555564548765682,0.809906133774131,0.254341585008449,0.140911102294922,0.0681266784667969,-0.072784423828125,0.0128317050594207,0.00990250565184627,-0.00292919940757439,0.451729886234024,0.500271739130435,0.0485418528964103,0.0942611694335938,0.0646171569824219,-0.0296440124511719,0.177864074707031,0.143672943115234,-0.0341911315917969,0.0220985412597656,0,-0.0220985412597656,0,3.814697265625e-06,3.814697265625e-06
C2DTLZ2_R02,offline_RF_proxy,2,4,6,0.130435943603516,0.028076171875,0.736450843242316,0.5,-0.236450843242316,0.384776971762963,0.028076171875,-0.356700799887963,0.121268061067722,0.0277500311093313,-0.0935180299583908,0.235501519997847,0.493464335180033,0.257962815182186,0.103688479012282,0.0214972245065788,-0.0821912545057036,0.663947457430138,0.5,-0.163947457430138,0.336052542569862,0.5,0.163947457430138,0.111931950287562,0,-0.111931950287562,0.560173134852163,1,0.439826865147837,0.629161118508655,NaN,NaN,0.170398712158203,0.028076171875,-0.142322540283203,0.0510592188672127,0,-0.0510592188672127,0.351036761910333,1,0.648963238089667,0.154701232910156,0,-0.154701232910156,0.196636199951172,0,-0.196636199951172,0,0,0,0,0,0
C2DTLZ2_R02,offline_RF_proxy,3,4,6,0.130435943603516,0.028076171875,0.859077059307891,0.771361323464189,-0.0877157358437018,0.52198750344651,0.195155613334736,-0.326831890111775,0.130515239048857,0.0383782512947555,-0.092136987754102,0.162523041660931,0.381207180306097,0.218684138645167,0.18499551860113,0.0453612003755317,-0.139634318225598,0.735453586845293,0.586502821145004,-0.148950765700289,0.264546413154707,0.413497178854996,0.148950765700289,0.202885707893363,0.0244128359708616,-0.178472871922501,0.32620711841605,0.80258152173913,0.47637440332308,0.667484520905798,0.81063469307963,0.143150172173832,0.218971252441406,0.0462608337402344,-0.172710418701172,0.0679926826379353,0.0054830758603366,-0.0625096067775987,0.159389348697102,0.785733695652174,0.626344346955072,0.264308929443359,0.0292701721191406,-0.235038757324219,0.254241943359375,0.0509452819824219,-0.203296661376953,0,0.0510139465332031,0.0510139465332031,0,1.52587890625e-05,1.52587890625e-05
C2DTLZ2_R02,offline_RF_proxy,4,4,6,0.130435943603516,0.028076171875,0.841911980589192,0.5,-0.341911980589192,0.42263014655007,0.028076171875,-0.39455397467507,0.103465563438662,0.0277500311093313,-0.0757155323293306,0.218793302770801,0.493464335180033,0.274671032409232,0.0848782836318646,0.0214972245065788,-0.0633810591252857,0.636460313115133,0.5,-0.136460313115133,0.363539686884867,0.5,0.136460313115133,0.0715065957157459,0,-0.0715065957157459,0.655572778053988,1,0.344427221946012,0.580546354667521,NaN,NaN,0.147689819335938,0.028076171875,-0.119613647460938,0.0319059797939031,0,-0.0319059797939031,0.449682683590209,1,0.550317316409791,0.107105255126953,0,-0.107105255126953,0.142818450927734,0,-0.142818450927734,0,0,0,0,0,0
C2DTLZ2_R02,offline_RF_proxy,5,4,6,0.130435943603516,0.028076171875,0.793557064842346,0.667523961473248,-0.126033103369098,0.423126922137056,0.0727302305171174,-0.350396691619938,0.0979069143090942,0.027916380860713,-0.0699905334483811,0.250353427095283,0.450481803523422,0.200128376428139,0.0451212640792604,0.0174955946932394,-0.027625669386021,0.615861958412188,0.505462427508928,-0.11039953090326,0.384138041587811,0.494537572491072,0.11039953090326,0.0403200687867129,0.000624058025621703,-0.0396960107610912,0.72795601438891,0.988451086956522,0.260495072567612,0.496998864435192,0.651639344262295,0.154640479827103,0.130012512207031,0.0283584594726562,-0.101654052734375,0.0110067514509697,7.84978648580759e-06,-0.0109989016644839,0.44956570058199,0.954755434782609,0.505189734200618,0.0705451965332031,0.0009307861328125,-0.0696144104003906,0.157264709472656,0.00763320922851562,-0.149631500244141,2.288818359375e-05,0.290576934814453,0.290554046630859,0,0,0
MW7,clipped_GP_mean,1,4,6,0.0436935424804688,0.00637054443359375,0.586398136742382,0.520412076711922,-0.0659860600304598,0.320026965389972,0.0304856322291759,-0.289541333160796,0.216402453305332,0.00627479717492025,-0.210127656130411,0.249129865676182,0.490121995642633,0.240992129966451,0.417325502658055,0.00624330281318758,-0.411082199844867,0.664931025396969,0.503873019795004,-0.161058005601965,0.335068974603031,0.496126980204996,0.161058005601965,0.038306274681878,3.83915477168547e-05,-0.0382678831341612,0.631831674524184,0.992215568862275,0.360383894338092,0.694862518089725,0.434782608695652,-0.260079909394073,0.064239501953125,0.00635910034179688,-0.0578804016113281,0.00316725836690734,2.68740834017983e-05,-0.00314038428350554,0.151999301554042,0.983233532934132,0.831234231380089,0.0527191162109375,8.7738037109375e-05,-0.0526313781738281,0.913238525390625,8.7738037109375e-05,-0.913150787353516,0.0153427124023438,0.999237060546875,0.983894348144531,0.00386428833007812,1.9073486328125e-05,-0.00384521484375
MW7,clipped_GP_mean,2,4,6,0.0436935424804688,0.00637054443359375,0.447523922850182,0.450739882137489,0.00321595928730711,0.251784347830646,0.283644078894748,0.0318597310641019,0.204704033695162,0.195743937721643,-0.00896009597351879,0.315613346054997,0.281797562069182,-0.033815783985815,0.397959294251994,0.430648608452355,0.0326893142003605,0.652170461769274,0.686756713773632,0.0345862520043577,0.347829538230726,0.313243286226368,-0.0345862520043577,0.0244525110694483,0.00612729101561,-0.0183252200538383,0.671206565392003,0.620359281437126,-0.050847283954877,0.61944219886823,0.715695067264574,0.0962528683963444,0.0527114868164062,0.010040283203125,-0.0426712036132812,0.00333479596314173,0.000879166442715972,-0.00245562952042576,0.396979221232757,0.386826347305389,-0.0101528739273679,0.037750244140625,0.00850677490234375,-0.0292434692382812,0.853580474853516,0.926666259765625,0.0730857849121094,0.0278778076171875,0.00296783447265625,-0.0249099731445312,0.00223159790039062,0.0006561279296875,-0.00157546997070312
MW7,clipped_GP_mean,3,4,6,0.0436935424804688,0.00637054443359375,0.62307359311837,0.681400965278454,0.0583273721600848,0.299638815125618,0.0985947265788698,-0.201044088546748,0.17629207167765,0.00985448405036028,-0.16643758762729,0.256998780460238,0.363572724553961,0.106573944093723,0.363049763378645,0.0131377095433473,-0.349912053835297,0.6336894170692,0.603122042040446,-0.0305673750287538,0.3663105829308,0.396877957959554,0.030567375028754,0.00981690534125813,0.00633076621850933,-0.0034861391227488,0.722804260520342,0.787425149700599,0.0646208891802567,0.436657203690561,0.822854291417166,0.386197087726605,0.0409698486328125,0.0113067626953125,-0.0296630859375,0.00141609158721927,0.00326328155593265,0.00184718996871337,0.203946219661254,0.725748502994012,0.521802283332758,0.0214996337890625,0.0076446533203125,-0.01385498046875,0.82269287109375,0.00983047485351562,-0.812862396240234,0.023223876953125,0.947269439697266,0.924045562744141,0.00214385986328125,0.00113677978515625,-0.001007080078125
MW7,clipped_GP_mean,4,4,6,0.0436935424804688,0.00637054443359375,0.434709567056771,0.143859284586612,-0.290850282470159,0.0691344001011655,0.0298291747596747,-0.0393052253414908,0.0565885924558985,0.0642571893719854,0.00766859691608693,0.419386020340231,0.4632267491423,0.0438407288020685,0.079947239062693,0.216984185100232,0.137036946037539,0.533171717580344,0.518712548413006,-0.0144591691673382,0.466828282419656,0.481287451586994,0.0144591691673382,0.00943795125453748,0.000299454072191466,-0.00913849718234601,0.924218613584774,0.962275449101796,0.0380568355170225,0.731601731601732,0.553191489361702,-0.178410242240029,0.049407958984375,0.00642776489257812,-0.0429801940917969,0.0064821093781164,0.000103657178835508,-0.00637845219928089,0.887724812292649,0.944910179640719,0.0571853673480697,0.0123367309570312,0.000537872314453125,-0.0117988586425781,0.0126113891601562,0.100570678710938,0.0879592895507812,0.285045623779297,0.038818359375,-0.246227264404297,0.00407791137695312,6.866455078125e-05,-0.00400924682617188
MW7,clipped_GP_mean,5,4,6,0.0436935424804688,0.00637054443359375,0.345514073665849,0.515919687456939,0.170405613791089,0.16990697280337,0.0665995047758901,-0.10330746802748,0.216251272644862,0.0110345845463361,-0.205216688098526,0.335513548302402,0.417299775406661,0.0817862271042594,0.41181562951638,0.0347930599713747,-0.377022569545006,0.611499292509684,0.538144779721943,-0.0733545127877409,0.388500707490316,0.461855220278057,0.0733545127877408,0.0154334038054968,0.000955949538149681,-0.0144774542673471,0.761568011175135,0.922754491017964,0.161186479842829,0.586212121212121,0.658730158730159,0.0725180375180375,0.04803466796875,0.00682830810546875,-0.0412063598632812,0.00205034105867805,0.000295614917419781,-0.00175472614125827,0.438885978697398,0.861077844311377,0.422191865613979,0.025177001953125,0.00144195556640625,-0.0237350463867188,0.886070251464844,0.0033111572265625,-0.882759094238281,0.0253715515136719,0.529537200927734,0.504165649414062,0.0010223388671875,8.0108642578125e-05,-0.000942230224609375
MW7,offline_RF_proxy,1,4,6,0.0436935424804688,0.00637054443359375,0.795724045914749,0.764348493826018,-0.0313755520887306,0.303760634072946,0.0298090544196344,-0.273951579653311,0.0491275375158795,0.00627517029758552,-0.042852367218294,0.266517794692256,0.482499755914998,0.215981961222742,0.0845746835829714,0.00289424225136085,-0.0816804413316106,0.625909993917051,0.5,-0.125909993917051,0.374090006082949,0.5,0.125909993917051,0.0210977701543739,0,-0.0210977701543739,0.727082242011524,1,0.272917757988476,0.628520499108734,NaN,NaN,0.0519447326660156,0.00637054443359375,-0.0455741882324219,0.0100801787067693,0,-0.0100801787067693,0.620132704731971,1,0.379867295268029,0.0321006774902344,0,-0.0321006774902344,0.0459365844726562,0,-0.0459365844726562,0,0.727931976318359,0.727931976318359,2.288818359375e-05,0,-2.288818359375e-05
MW7,offline_RF_proxy,2,4,6,0.0436935424804688,0.00637054443359375,0.85244053111509,0.826428175920095,-0.0260123551949948,0.321739136528093,0.273795824743888,-0.047943311784205,0.0414808934911961,0.0288605699264453,-0.0126203235647508,0.272408516247537,0.227265737321409,-0.0451427789261276,0.0693837319606196,0.109973112956557,0.040589380995937,0.573223579191729,0.721871871634849,0.148648292443119,0.426776420808271,0.278128128365151,-0.148648292443119,0.00467908572340341,0.0191305082273087,0.0144514225039053,0.848873755893138,0.537125748502994,-0.311748007390144,0.403925619834711,0.865705350938151,0.461779731103441,0.04156494140625,0.022430419921875,-0.019134521484375,0.00239738322230643,0.00449948939241537,0.00210210617010893,0.658023397939584,0.488023952095808,-0.169999445843776,0.011077880859375,0.0219573974609375,0.0108795166015625,0.0331916809082031,0.05609130859375,0.0228996276855469,0,0,0,0,0,0
MW7,offline_RF_proxy,3,4,6,0.0436935424804688,0.00637054443359375,0.804246697309942,0.849085575403551,0.0448388780936096,0.359515990696069,0.0582499490993609,-0.301266041596708,0.0397211791714809,0.00615859409004971,-0.0335625850814312,0.281519806769886,0.462630328136338,0.181110521366452,0.0498503623689924,0.000911210668150111,-0.0489391517008422,0.626311030934749,0.5,-0.126311030934749,0.373688969065251,0.5,0.126311030934749,0.00868403207148271,0,-0.00868403207148271,0.738693906059019,1,0.261306093940981,0.421083172147002,NaN,NaN,0.0405807495117188,0.00637054443359375,-0.034210205078125,0.00125254298137141,0,-0.00125254298137141,0.604243059193295,1,0.395756940806705,0.0197219848632812,0,-0.0197219848632812,0.0430107116699219,0,-0.0430107116699219,0.07891845703125,0.519809722900391,0.440891265869141,0,0,0
MW7,offline_RF_proxy,4,4,6,0.0436935424804688,0.00637054443359375,0.830586698574689,0.789176223824838,-0.041410474749851,0.189817186519482,0.0780795788272281,-0.111737607692254,0.0386918563596754,0.00813688870971866,-0.0305549676499567,0.393014185198617,0.407714236958372,0.0147000517597554,0.0114558656253512,0.0166933510795472,0.00523748545419608,0.51247267511983,0.523080713424384,0.0106080383045543,0.48752732488017,0.476919286575616,-0.0106080383045543,0.00159559615461327,0.000545159977579336,-0.00105043617703393,0.973459053605727,0.953293413173653,-0.0201656404320746,0.568181818181818,0.645454545454546,0.0772727272727273,0.0440597534179688,0.00661468505859375,-0.037445068359375,3.19119230922653e-05,6.14264763469674e-05,2.95145532547021e-05,0.907630522088353,0.895808383233533,-0.0118221388548204,0.002685546875,0.0008392333984375,-0.0018463134765625,0.0131568908691406,0.00299835205078125,-0.0101585388183594,0.252117156982422,0.346920013427734,0.0948028564453125,0,0,0
MW7,offline_RF_proxy,5,4,6,0.0436935424804688,0.00637054443359375,0.776597116665529,0.876702490425217,0.100105373759688,0.209408489542171,0.112836644666729,-0.0965718448754414,0.0399999865004784,0.00686949927438398,-0.0331304872260944,0.358438591440754,0.395288903494166,0.0368503120534122,0.0372934414217713,0.0195745641970761,-0.0177188772246952,0.505821335941508,0.500299401197605,-0.00552193474390283,0.494178664058492,0.499700598802395,0.00552193474390278,0.000143603653915194,0,-0.000143603653915194,0.98821372446307,0.99940119760479,0.0111874731417207,0.210526315789474,0,-0.210526315789474,0.0433158874511719,0.00636672973632812,-0.0369491577148438,1.19669711595995e-05,0,-1.19669711595995e-05,0.897939584424655,0.962874251497006,0.0649346670723508,0.000652313232421875,3.814697265625e-06,-0.00064849853515625,0.00918960571289062,0.000453948974609375,-0.00873565673828125,0,0.187034606933594,0.187034606933594,0,0,0
