Quantity,Input,GridIndex,InputScaled,InputPhysical,Mean,Median,Q10,Q90
HVI_draw,1,1,0,0.125,1.82752087600028,0.487937909854201,0,6.95257469269252
HVI_draw,1,2,0.0333333333333333,0.2875,1.1758952863789,0.542976233028099,0,2.86630437325919
HVI_draw,1,3,0.0666666666666667,0.45,0.522197971116401,0.114127665158598,0,1.62256294639351
HVI_draw,1,4,0.1,0.6125,0.372594613321209,0,0,1.01912557578206
HVI_draw,1,5,0.133333333333333,0.775,0.49982025580673,0.000925037887316192,0,1.80070904382171
HVI_draw,1,6,0.166666666666667,0.9375,0.52993690739008,0.177080095226043,0,1.42602254487088
HVI_draw,1,7,0.2,1.1,0.405127769147301,0,0,1.31994217052415
HVI_draw,1,8,0.233333333333333,1.2625,0.620736638204714,0.203375491781066,0,1.90330987686033
HVI_draw,1,9,0.266666666666667,1.425,0.757484642730061,0,0,2.25863520182942
HVI_draw,1,10,0.3,1.5875,0.822122758623003,0.123962451311742,0,2.48338639318658
HVI_draw,1,11,0.333333333333333,1.75,0.783640776409457,0.510033429039908,0,2.06461907777684
HVI_draw,1,12,0.366666666666667,1.9125,0.542828241515444,0.354000301703648,0,1.26039349353689
HVI_draw,1,13,0.4,2.075,0.640580205910267,0.0825377392911651,0,2.13742473209796
HVI_draw,1,14,0.433333333333333,2.2375,0.62657608261925,0.230895067017529,0,1.91918469844702
HVI_draw,1,15,0.466666666666667,2.4,0.620216376063447,0,0,1.95420549093772
HVI_draw,1,16,0.5,2.5625,0.73189374590346,0,0,2.19653299913989
HVI_draw,1,17,0.533333333333333,2.725,0.536302769544668,0,0,2.35616319526925
HVI_draw,1,18,0.566666666666667,2.8875,0.300412149559772,0,0,1.0484730738464
HVI_draw,1,19,0.6,3.05,0.354749596105836,0,0,1.22183328964854
HVI_draw,1,20,0.633333333333333,3.2125,0.604225191773604,0,0,2.86775994973343
HVI_draw,1,21,0.666666666666667,3.375,0.614724500765811,0,0,2.76973031060686
HVI_draw,1,22,0.7,3.5375,0.719958383203978,0,0,2.68033128964387
HVI_draw,1,23,0.733333333333333,3.7,0.797072082856302,0,0,2.20546263521919
HVI_draw,1,24,0.766666666666667,3.8625,0.5317835035515,0,0,1.01825902741527
HVI_draw,1,25,0.8,4.025,0.239362241322871,0,0,0.700410559667393
HVI_draw,1,26,0.833333333333333,4.1875,0.116369440301802,0,0,0
HVI_draw,1,27,0.866666666666667,4.35,0.0463662942445453,0,0,0.0356369611904467
HVI_draw,1,28,0.9,4.5125,0.254787022806835,0.0141542655253406,0,0.843660946602293
HVI_draw,1,29,0.933333333333333,4.675,0.268774411551196,0,0,0.812469487657991
HVI_draw,1,30,0.966666666666667,4.8375,0.267007851263959,0,0,0.876387045020538
HVI_draw,1,31,1,5,0.2167818461518,0,0,0.649731439907892
HVI_draw,2,1,0,0.1,1.63863133841013,0.399783897293616,0,5.55409193364856
HVI_draw,2,2,0.0333333333333333,0.43,1.09933068870388,0.509925523821511,0,3.88233343006024
HVI_draw,2,3,0.0666666666666667,0.76,1.05630517717714,0.575724942371145,0,2.60311577747099
HVI_draw,2,4,0.1,1.09,0.941988793794146,0.376714485880081,0,2.89985058591399
HVI_draw,2,5,0.133333333333333,1.42,0.693316188013037,0.175293549531589,0,2.21476229360762
HVI_draw,2,6,0.166666666666667,1.75,0.698648272079984,0.244196341129213,0,2.05993882475943
HVI_draw,2,7,0.2,2.08,0.746066231526854,0.131843751928273,0,2.2159814026992
HVI_draw,2,8,0.233333333333333,2.41,0.632283084204168,0.0679970855831415,0,1.58587248991923
HVI_draw,2,9,0.266666666666667,2.74,0.691225926482565,0,0,1.81470548318155
HVI_draw,2,10,0.3,3.07,0.713965745574203,0.175745977690789,0,1.7853523591493
HVI_draw,2,11,0.333333333333333,3.4,0.454368282771381,0,0,1.66678482590557
HVI_draw,2,12,0.366666666666667,3.73,0.320875013774972,0,0,0.990118280686898
HVI_draw,2,13,0.4,4.06,0.338425001368207,0,0,0.867942655011099
HVI_draw,2,14,0.433333333333333,4.39,0.341305797786583,0,0,1.02057943392105
HVI_draw,2,15,0.466666666666667,4.72,0.305727359217253,0,0,1.18053243871991
HVI_draw,2,16,0.5,5.05,0.358733468936106,0,0,0.938239552707787
HVI_draw,2,17,0.533333333333333,5.38,0.413767665443429,0,0,1.36731677903072
HVI_draw,2,18,0.566666666666667,5.71,0.351853166971056,0,0,1.30228655245756
HVI_draw,2,19,0.6,6.04,0.450067416809827,0,0,1.6447603310602
HVI_draw,2,20,0.633333333333333,6.37,0.457671227887975,0,0,1.58331451894295
HVI_draw,2,21,0.666666666666667,6.7,0.323339670921012,0,0,1.07717379995726
HVI_draw,2,22,0.7,7.03,0.30892290573572,0,0,1.00487373432273
HVI_draw,2,23,0.733333333333333,7.36,0.324706614010293,0,0,1.28829117315186
HVI_draw,2,24,0.766666666666667,7.69,0.325437891616391,0,0,1.41670993238595
HVI_draw,2,25,0.8,8.02,0.176224715144731,0,0,0.633020865431706
HVI_draw,2,26,0.833333333333333,8.35,0.234644102798849,0,0,1.00483349541194
HVI_draw,2,27,0.866666666666667,8.68,0.265573475741345,0,0,1.0110560700788
HVI_draw,2,28,0.9,9.01,0.199787120976842,0,0,0.417211396974073
HVI_draw,2,29,0.933333333333333,9.34,0.247819743774162,0,0,0.735435541652371
HVI_draw,2,30,0.966666666666667,9.67,0.332432896878709,0,0,1.24536807486537
HVI_draw,2,31,1,10,0.272105276029317,0,0,0.999288377090344
HVI_draw,3,1,0,0.1,0.704236701589499,0,0,2.7640381571916
HVI_draw,3,2,0.0333333333333333,0.43,0.695598346235465,0,0,2.68982356957917
HVI_draw,3,3,0.0666666666666667,0.76,0.689905941495618,0,0,2.56879574247829
HVI_draw,3,4,0.1,1.09,0.689969234196729,0,0,2.39309574273282
HVI_draw,3,5,0.133333333333333,1.42,0.685790774689844,0,0,2.34991904717953
HVI_draw,3,6,0.166666666666667,1.75,0.676187541352319,0,0,2.20614577696323
HVI_draw,3,7,0.2,2.08,0.670102789618282,0,0,2.07779147906868
HVI_draw,3,8,0.233333333333333,2.41,0.659417482274285,0,0,1.9093857972339
HVI_draw,3,9,0.266666666666667,2.74,0.643950913991188,0,0,1.77277121046512
HVI_draw,3,10,0.3,3.07,0.628139616576024,0,0,1.79551717548989
HVI_draw,3,11,0.333333333333333,3.4,0.614480586843216,0,0,1.82215888570663
HVI_draw,3,12,0.366666666666667,3.73,0.603781329738466,0,0,1.62493314499292
HVI_draw,3,13,0.4,4.06,0.599947119759387,0,0,1.66673789250936
HVI_draw,3,14,0.433333333333333,4.39,0.598512569361189,0,0,1.79809221469292
HVI_draw,3,15,0.466666666666667,4.72,0.600332875605939,0,0,1.92016808625538
HVI_draw,3,16,0.5,5.05,0.601785449377954,0,0,1.99661144332259
HVI_draw,3,17,0.533333333333333,5.38,0.603356464789158,0,0,1.84089743642198
HVI_draw,3,18,0.566666666666667,5.71,0.605145346388946,0,0,1.69362415066102
HVI_draw,3,19,0.6,6.04,0.608019764611959,0,0,1.67986222805018
HVI_draw,3,20,0.633333333333333,6.37,0.60978934111712,0,0,1.72056877385947
HVI_draw,3,21,0.666666666666667,6.7,0.610720807496618,0,0,1.78392327116051
HVI_draw,3,22,0.7,7.03,0.611249656954787,0,0,1.70332318530915
HVI_draw,3,23,0.733333333333333,7.36,0.613007583020117,0,0,1.72625653719626
HVI_draw,3,24,0.766666666666667,7.69,0.612789321815994,0,0,1.74191981527868
HVI_draw,3,25,0.8,8.02,0.609727232424548,0,0,1.76859446010775
HVI_draw,3,26,0.833333333333333,8.35,0.604474091534109,0,0,1.82124390698415
HVI_draw,3,27,0.866666666666667,8.68,0.59791144246206,0,0,1.85046299430402
HVI_draw,3,28,0.9,9.01,0.589932741964929,0,0,1.77367256169092
HVI_draw,3,29,0.933333333333333,9.34,0.584795426017836,0,0,1.80744696948854
HVI_draw,3,30,0.966666666666667,9.67,0.580040081906285,0,0,1.84779131205933
HVI_draw,3,31,1,10,0.576031547161377,0,0,1.81573240494892
HVI_draw,4,1,0,0.125,0.900101398380822,0,0,3.34672253443111
HVI_draw,4,2,0.0333333333333333,0.2875,0.877444053583854,0,0,3.35034557233165
HVI_draw,4,3,0.0666666666666667,0.45,0.855225044426906,0,0,3.05858695380278
HVI_draw,4,4,0.1,0.6125,0.83517214724026,0,0,2.70950525559611
HVI_draw,4,5,0.133333333333333,0.775,0.813865318118676,0,0,2.36915418162788
HVI_draw,4,6,0.166666666666667,0.9375,0.792692990447302,0,0,2.32949864140716
HVI_draw,4,7,0.2,1.1,0.771428119061858,0,0,2.46643490658255
HVI_draw,4,8,0.233333333333333,1.2625,0.748987020586887,0,0,2.61075292533176
HVI_draw,4,9,0.266666666666667,1.425,0.727043342047197,0,0,2.53443100872743
HVI_draw,4,10,0.3,1.5875,0.705122514411724,0,0,2.43986400428951
HVI_draw,4,11,0.333333333333333,1.75,0.682615877513856,0,0,2.42814956771365
HVI_draw,4,12,0.366666666666667,1.9125,0.661494233452595,0,0,2.39957751523321
HVI_draw,4,13,0.4,2.075,0.639920421273199,0,0,2.39987007377496
HVI_draw,4,14,0.433333333333333,2.2375,0.616449085508454,0,0,2.2367349938751
HVI_draw,4,15,0.466666666666667,2.4,0.592660793747359,0,0,1.94975815432964
HVI_draw,4,16,0.5,2.5625,0.570296056041834,0,0,1.99388254063998
HVI_draw,4,17,0.533333333333333,2.725,0.553291882321709,0,0,2.11974536655569
HVI_draw,4,18,0.566666666666667,2.8875,0.54051795873913,0,0,2.23426456444709
HVI_draw,4,19,0.6,3.05,0.527340137104577,0,0,2.12305155002717
HVI_draw,4,20,0.633333333333333,3.2125,0.512688662470599,0,0,1.93770759014132
HVI_draw,4,21,0.666666666666667,3.375,0.498303092447751,0,0,1.74120331484156
HVI_draw,4,22,0.7,3.5375,0.489567395238421,0,0,1.53786516191062
HVI_draw,4,23,0.733333333333333,3.7,0.480773109959874,0,0,1.50551371556595
HVI_draw,4,24,0.766666666666667,3.8625,0.473035564062807,0,0,1.6294713070331
HVI_draw,4,25,0.8,4.025,0.46541145183322,0,0,1.75106404909612
HVI_draw,4,26,0.833333333333333,4.1875,0.458702396045322,0,0,1.84563666918825
HVI_draw,4,27,0.866666666666667,4.35,0.450510942832102,0,0,1.78766253696903
HVI_draw,4,28,0.9,4.5125,0.440957305839217,0,0,1.65294491497135
HVI_draw,4,29,0.933333333333333,4.675,0.430196489425661,0,0,1.51328406480216
HVI_draw,4,30,0.966666666666667,4.8375,0.420056986235061,0,0,1.49181458356305
HVI_draw,4,31,1,5,0.409663849097557,0,0,1.35657348033646
