Case,SequentialIteration,EvaluationCount,FixedReferenceHypervolume,FractionOfRunFinalHypervolume,FeasibleCount,ReferenceF1,ReferenceF2
COSSIN1,0,20,4.07430367479406,0.785827945348261,8,2.18687405177065,1.22228287310487
COSSIN1,1,21,4.52533276679439,0.872819807749588,9,2.18687405177065,1.22228287310487
COSSIN1,2,22,4.67793998080648,0.902253797703345,10,2.18687405177065,1.22228287310487
COSSIN1,3,23,4.67793998080648,0.902253797703345,10,2.18687405177065,1.22228287310487
COSSIN1,4,24,4.74389001447712,0.914973855802026,11,2.18687405177065,1.22228287310487
COSSIN1,5,25,4.79986128766243,0.925769268740401,12,2.18687405177065,1.22228287310487
COSSIN1,6,26,4.84426828707901,0.934334231957672,13,2.18687405177065,1.22228287310487
COSSIN1,7,27,4.84426828707901,0.934334231957672,13,2.18687405177065,1.22228287310487
COSSIN1,8,28,4.84426828707901,0.934334231957672,13,2.18687405177065,1.22228287310487
COSSIN1,9,29,4.87756070040844,0.940755478592823,14,2.18687405177065,1.22228287310487
COSSIN1,10,30,4.88796080371854,0.942761389901337,15,2.18687405177065,1.22228287310487
COSSIN1,11,31,4.88796080371854,0.942761389901337,15,2.18687405177065,1.22228287310487
COSSIN1,12,32,4.89813790534046,0.944724289944019,16,2.18687405177065,1.22228287310487
COSSIN1,13,33,4.89813790534046,0.944724289944019,16,2.18687405177065,1.22228287310487
COSSIN1,14,34,4.90505286832827,0.946058007700622,17,2.18687405177065,1.22228287310487
COSSIN1,15,35,4.91564652298168,0.948101250064101,18,2.18687405177065,1.22228287310487
COSSIN1,16,36,4.921522459603,0.949234566471195,19,2.18687405177065,1.22228287310487
COSSIN1,17,37,4.92732084326992,0.950352924916471,20,2.18687405177065,1.22228287310487
COSSIN1,18,38,4.93441509584757,0.951721223004157,21,2.18687405177065,1.22228287310487
COSSIN1,19,39,4.9426557541871,0.953310633153266,22,2.18687405177065,1.22228287310487
COSSIN1,20,40,4.94678002363497,0.954106098205694,23,2.18687405177065,1.22228287310487
COSSIN1,21,41,4.95292293378874,0.95529090691165,24,2.18687405177065,1.22228287310487
COSSIN1,22,42,4.95972139732993,0.956602154934017,25,2.18687405177065,1.22228287310487
COSSIN1,23,43,4.96238036938962,0.957115001966832,26,2.18687405177065,1.22228287310487
COSSIN1,24,44,4.96478345985771,0.957578496049687,27,2.18687405177065,1.22228287310487
COSSIN1,25,45,4.99480903230387,0.963369653456349,28,2.18687405177065,1.22228287310487
COSSIN1,26,46,4.99480903230387,0.963369653456349,28,2.18687405177065,1.22228287310487
COSSIN1,27,47,5.16262505204357,0.995737029212953,29,2.18687405177065,1.22228287310487
COSSIN1,28,48,5.16262505204357,0.995737029212953,29,2.18687405177065,1.22228287310487
COSSIN1,29,49,5.1847273934607,1,30,2.18687405177065,1.22228287310487
COSSIN1,30,50,5.1847273934607,1,30,2.18687405177065,1.22228287310487
COSSIN2,0,20,3.9271210064916,0.760399444237511,7,2.09550657816669,1.23958461649474
COSSIN2,1,21,3.9271210064916,0.760399444237511,7,2.09550657816669,1.23958461649474
COSSIN2,2,22,3.9271210064916,0.760399444237511,7,2.09550657816669,1.23958461649474
COSSIN2,3,23,4.21771606720482,0.816666700148198,8,2.09550657816669,1.23958461649474
COSSIN2,4,24,4.21771606720482,0.816666700148198,8,2.09550657816669,1.23958461649474
COSSIN2,5,25,4.21771606720482,0.816666700148198,8,2.09550657816669,1.23958461649474
COSSIN2,6,26,4.21771606720482,0.816666700148198,8,2.09550657816669,1.23958461649474
COSSIN2,7,27,4.21771606720482,0.816666700148198,8,2.09550657816669,1.23958461649474
COSSIN2,8,28,4.41992493586163,0.855819940166105,9,2.09550657816669,1.23958461649474
COSSIN2,9,29,4.41992493586163,0.855819940166105,9,2.09550657816669,1.23958461649474
COSSIN2,10,30,4.52309640217637,0.875796794843416,10,2.09550657816669,1.23958461649474
COSSIN2,11,31,4.52309640217637,0.875796794843416,10,2.09550657816669,1.23958461649474
COSSIN2,12,32,4.58246917962706,0.887293009730025,11,2.09550657816669,1.23958461649474
COSSIN2,13,33,4.64948707356449,0.900269531008528,12,2.09550657816669,1.23958461649474
COSSIN2,14,34,4.64948707356449,0.900269531008528,12,2.09550657816669,1.23958461649474
COSSIN2,15,35,4.70134974463579,0.910311581201047,13,2.09550657816669,1.23958461649474
COSSIN2,16,36,4.70134974463579,0.910311581201047,13,2.09550657816669,1.23958461649474
COSSIN2,17,37,4.70134974463579,0.910311581201047,13,2.09550657816669,1.23958461649474
COSSIN2,18,38,4.72931222400064,0.91572589202401,14,2.09550657816669,1.23958461649474
COSSIN2,19,39,4.72931222400064,0.91572589202401,14,2.09550657816669,1.23958461649474
COSSIN2,20,40,4.77722671631294,0.925003465407915,15,2.09550657816669,1.23958461649474
COSSIN2,21,41,4.84184816275339,0.937515968047358,16,2.09550657816669,1.23958461649474
COSSIN2,22,42,4.91145919539313,0.950994592832426,17,2.09550657816669,1.23958461649474
COSSIN2,23,43,4.96849205082118,0.962037733978085,18,2.09550657816669,1.23958461649474
COSSIN2,24,44,4.96849205082118,0.962037733978085,18,2.09550657816669,1.23958461649474
COSSIN2,25,45,5.0035855480494,0.968832807454196,19,2.09550657816669,1.23958461649474
COSSIN2,26,46,5.0035855480494,0.968832807454196,19,2.09550657816669,1.23958461649474
COSSIN2,27,47,5.0035855480494,0.968832807454196,19,2.09550657816669,1.23958461649474
COSSIN2,28,48,5.0035855480494,0.968832807454196,19,2.09550657816669,1.23958461649474
COSSIN2,29,49,5.02689450926312,0.973346068217835,20,2.09550657816669,1.23958461649474
COSSIN2,30,50,5.04436060574355,0.976727988468004,21,2.09550657816669,1.23958461649474
COSSIN2,31,51,5.04436060574355,0.976727988468004,21,2.09550657816669,1.23958461649474
COSSIN2,32,52,5.04436060574355,0.976727988468004,21,2.09550657816669,1.23958461649474
COSSIN2,33,53,5.04436060574355,0.976727988468004,21,2.09550657816669,1.23958461649474
COSSIN2,34,54,5.04436060574355,0.976727988468004,21,2.09550657816669,1.23958461649474
COSSIN2,35,55,5.05562714527349,0.978909502707797,22,2.09550657816669,1.23958461649474
COSSIN2,36,56,5.05562714527349,0.978909502707797,22,2.09550657816669,1.23958461649474
COSSIN2,37,57,5.05562714527349,0.978909502707797,22,2.09550657816669,1.23958461649474
COSSIN2,38,58,5.05562714527349,0.978909502707797,22,2.09550657816669,1.23958461649474
COSSIN2,39,59,5.05562714527349,0.978909502707797,22,2.09550657816669,1.23958461649474
COSSIN2,40,60,5.05562714527349,0.978909502707797,22,2.09550657816669,1.23958461649474
COSSIN2,41,61,5.05562714527349,0.978909502707797,22,2.09550657816669,1.23958461649474
COSSIN2,42,62,5.08536824951617,0.984668204591379,23,2.09550657816669,1.23958461649474
COSSIN2,43,63,5.08536824951617,0.984668204591379,23,2.09550657816669,1.23958461649474
COSSIN2,44,64,5.08536824951617,0.984668204591379,23,2.09550657816669,1.23958461649474
COSSIN2,45,65,5.09213037145139,0.985977538771027,24,2.09550657816669,1.23958461649474
COSSIN2,46,66,5.09213037145139,0.985977538771027,24,2.09550657816669,1.23958461649474
COSSIN2,47,67,5.09213037145139,0.985977538771027,24,2.09550657816669,1.23958461649474
COSSIN2,48,68,5.09682357326152,0.986886272686334,25,2.09550657816669,1.23958461649474
COSSIN2,49,69,5.10562454879131,0.988590385416891,26,2.09550657816669,1.23958461649474
COSSIN2,50,70,5.10562454879131,0.988590385416891,26,2.09550657816669,1.23958461649474
COSSIN2,51,71,5.11006960008553,0.989451070516266,27,2.09550657816669,1.23958461649474
COSSIN2,52,72,5.11575264736699,0.990551465942651,28,2.09550657816669,1.23958461649474
COSSIN2,53,73,5.11575264736699,0.990551465942651,28,2.09550657816669,1.23958461649474
COSSIN2,54,74,5.11575264736699,0.990551465942651,28,2.09550657816669,1.23958461649474
COSSIN2,55,75,5.12355779086219,0.992062757997603,29,2.09550657816669,1.23958461649474
COSSIN2,56,76,5.14522641066621,0.996258403211776,30,2.09550657816669,1.23958461649474
COSSIN2,57,77,5.15780064854006,0.998693124086224,31,2.09550657816669,1.23958461649474
COSSIN2,58,78,5.15780064854006,0.998693124086224,31,2.09550657816669,1.23958461649474
COSSIN2,59,79,5.15780064854006,0.998693124086224,31,2.09550657816669,1.23958461649474
COSSIN2,60,80,5.1645500746381,1,32,2.09550657816669,1.23958461649474
BNH,0,10,5720.95798995901,0.894298188184027,9,149.6,55
BNH,1,11,5880.27007076247,0.919201797941068,10,149.6,55
BNH,2,12,6001.47331458247,0.938148247388957,11,149.6,55
BNH,3,13,6078.44685452461,0.950180724716912,12,149.6,55
BNH,4,14,6147.14497217691,0.960919590874632,13,149.6,55
BNH,5,15,6160.18906732651,0.962958639348551,14,149.6,55
BNH,6,16,6200.06029330905,0.969191295700766,15,149.6,55
BNH,7,17,6224.0014881206,0.97293377505134,16,149.6,55
BNH,8,18,6244.38290026675,0.976119790398232,17,149.6,55
BNH,9,19,6262.15453940167,0.978897846924309,18,149.6,55
BNH,10,20,6280.25528527394,0.98172734930254,19,149.6,55
BNH,11,21,6298.54998970534,0.984587171216122,20,149.6,55
BNH,12,22,6312.15842379713,0.986714436959669,21,149.6,55
BNH,13,23,6323.07363554657,0.988420699111621,22,149.6,55
BNH,14,24,6332.68096101364,0.989922512929091,23,149.6,55
BNH,15,25,6339.69825264143,0.991019453546328,24,149.6,55
BNH,16,26,6346.6629184618,0.992108167715423,25,149.6,55
BNH,17,27,6351.84258971425,0.992917852146699,26,149.6,55
BNH,18,28,6356.67556819413,0.993673341682835,27,149.6,55
BNH,19,29,6361.21604301778,0.994383107147887,28,149.6,55
BNH,20,30,6366.08108284595,0.995143608502977,29,149.6,55
BNH,21,31,6370.40378352453,0.995819331588464,30,149.6,55
BNH,22,32,6374.6739484077,0.996486842296455,31,149.6,55
BNH,23,33,6378.60022941161,0.997100597194544,32,149.6,55
BNH,24,34,6378.60022941161,0.997100597194544,33,149.6,55
BNH,25,35,6382.68556785529,0.997739215896991,34,149.6,55
BNH,26,36,6386.6151162741,0.998353481556255,35,149.6,55
BNH,27,37,6389.74068096125,0.998842068754706,36,149.6,55
BNH,28,38,6392.89074002786,0.999334484906142,37,149.6,55
BNH,29,39,6395.17778200459,0.999691994522483,38,149.6,55
BNH,30,40,6397.14813867179,1,39,149.6,55
BNH_ALLINFEAS,0,10,0,0,0,110,27.5
BNH_ALLINFEAS,1,11,25,0.0171052205661454,1,110,27.5
BNH_ALLINFEAS,2,12,838.321709295187,0.573587109715288,2,110,27.5
BNH_ALLINFEAS,3,13,1048.5300534356,0.717413513369928,3,110,27.5
BNH_ALLINFEAS,4,14,1152.3483910195,0.788446935897252,4,110,27.5
BNH_ALLINFEAS,5,15,1244.23924991786,0.851319472276009,5,110,27.5
BNH_ALLINFEAS,6,16,1309.57144940714,0.896020339569432,6,110,27.5
BNH_ALLINFEAS,7,17,1340.4083224217,0.917119200148802,7,110,27.5
BNH_ALLINFEAS,8,18,1358.62879021915,0.92958580496855,8,110,27.5
BNH_ALLINFEAS,9,19,1375.44337777637,0.941090494124355,9,110,27.5
BNH_ALLINFEAS,10,20,1392.91757647605,0.953046495043337,10,110,27.5
BNH_ALLINFEAS,11,21,1410.01941010175,0.964747720493467,11,110,27.5
BNH_ALLINFEAS,12,22,1419.70433429589,0.971374231073751,12,110,27.5
BNH_ALLINFEAS,13,23,1427.30763935446,0.976576479476092,13,110,27.5
BNH_ALLINFEAS,14,24,1433.91623097213,0.981098136166165,14,110,27.5
BNH_ALLINFEAS,15,25,1440.28916349933,0.985458552827401,15,110,27.5
BNH_ALLINFEAS,16,26,1447.26814557821,0.990233633938856,16,110,27.5
BNH_ALLINFEAS,17,27,1450.72606058005,0.992599569891078,17,110,27.5
BNH_ALLINFEAS,18,28,1454.74601050851,0.995350055098726,18,110,27.5
BNH_ALLINFEAS,19,29,1458.32520233879,0.997798969726947,19,110,27.5
BNH_ALLINFEAS,20,30,1461.54210074788,1,20,110,27.5
SRN,0,10,4485.48981403019,0.181329504828159,1,238.175862087054,-9.09613358168709
SRN,1,11,4485.48981403019,0.181329504828159,1,238.175862087054,-9.09613358168709
SRN,2,12,9279.29940255829,0.375123082557245,2,238.175862087054,-9.09613358168709
SRN,3,13,11024.6278564437,0.445679377951253,3,238.175862087054,-9.09613358168709
SRN,4,14,15864.2715889107,0.641325837521399,4,238.175862087054,-9.09613358168709
SRN,5,15,16283.431464324,0.658270709944203,5,238.175862087054,-9.09613358168709
SRN,6,16,16872.9444577275,0.682102243091206,6,238.175862087054,-9.09613358168709
SRN,7,17,18354.6306287018,0.742000588831091,7,238.175862087054,-9.09613358168709
SRN,8,18,18559.2939635164,0.750274267447487,8,238.175862087054,-9.09613358168709
SRN,9,19,20064.593612801,0.811127206889909,9,238.175862087054,-9.09613358168709
SRN,10,20,21029.0206947213,0.850114941219495,10,238.175862087054,-9.09613358168709
SRN,11,21,22344.0220999225,0.903274922300632,11,238.175862087054,-9.09613358168709
SRN,12,22,22677.4251206177,0.916753005443694,12,238.175862087054,-9.09613358168709
SRN,13,23,22756.7016325051,0.919957821693659,13,238.175862087054,-9.09613358168709
SRN,14,24,23181.8344551337,0.937144155273621,14,238.175862087054,-9.09613358168709
SRN,15,25,23700.6307300158,0.95811690864758,15,238.175862087054,-9.09613358168709
SRN,16,26,23700.6307300158,0.95811690864758,15,238.175862087054,-9.09613358168709
SRN,17,27,23700.6307300158,0.95811690864758,15,238.175862087054,-9.09613358168709
SRN,18,28,23700.6307300158,0.95811690864758,15,238.175862087054,-9.09613358168709
SRN,19,29,23923.0435033774,0.967108122480007,16,238.175862087054,-9.09613358168709
SRN,20,30,24021.5275646857,0.971089419241544,17,238.175862087054,-9.09613358168709
SRN,21,31,24318.0799836581,0.983077787405854,18,238.175862087054,-9.09613358168709
SRN,22,32,24494.7289239895,0.990218961771807,19,238.175862087054,-9.09613358168709
SRN,23,33,24494.7289239895,0.990218961771807,19,238.175862087054,-9.09613358168709
SRN,24,34,24584.370928779,0.993842811343251,20,238.175862087054,-9.09613358168709
SRN,25,35,24584.370928779,0.993842811343251,20,238.175862087054,-9.09613358168709
SRN,26,36,24584.370928779,0.993842811343251,20,238.175862087054,-9.09613358168709
SRN,27,37,24584.370928779,0.993842811343251,20,238.175862087054,-9.09613358168709
SRN,28,38,24639.6606750495,0.99607794345345,21,238.175862087054,-9.09613358168709
SRN,29,39,24694.6330199864,0.998300244361475,22,238.175862087054,-9.09613358168709
SRN,30,40,24736.6793301563,1,23,238.175862087054,-9.09613358168709
C2DTLZ2,0,15,1.62382401701922,0.851919008342004,14,1.65,1.65
C2DTLZ2,1,16,1.62382401701922,0.851919008342004,14,1.65,1.65
C2DTLZ2,2,17,1.62382401701922,0.851919008342004,15,1.65,1.65
C2DTLZ2,3,18,1.6455583218219,0.86332164015459,16,1.65,1.65
C2DTLZ2,4,19,1.68371924773259,0.883342293758988,17,1.65,1.65
C2DTLZ2,5,20,1.73686434788506,0.911224207405788,18,1.65,1.65
C2DTLZ2,6,21,1.7456305611842,0.915823291827773,19,1.65,1.65
C2DTLZ2,7,22,1.7456305611842,0.915823291827773,20,1.65,1.65
C2DTLZ2,8,23,1.74859180349637,0.917376870656272,21,1.65,1.65
C2DTLZ2,9,24,1.74859180349637,0.917376870656272,22,1.65,1.65
C2DTLZ2,10,25,1.80577049226407,0.947374956238657,23,1.65,1.65
C2DTLZ2,11,26,1.80577049226407,0.947374956238657,24,1.65,1.65
C2DTLZ2,12,27,1.81147008906171,0.950365178578579,25,1.65,1.65
C2DTLZ2,13,28,1.81147008906171,0.950365178578579,26,1.65,1.65
C2DTLZ2,14,29,1.83931436568564,0.964973330866535,27,1.65,1.65
C2DTLZ2,15,30,1.83931436568564,0.964973330866535,28,1.65,1.65
C2DTLZ2,16,31,1.84348742065628,0.967162672085217,29,1.65,1.65
C2DTLZ2,17,32,1.84348742065628,0.967162672085217,30,1.65,1.65
C2DTLZ2,18,33,1.86447132086228,0.97817161348975,31,1.65,1.65
C2DTLZ2,19,34,1.86447132086228,0.97817161348975,32,1.65,1.65
C2DTLZ2,20,35,1.87420124712761,0.983276297894175,33,1.65,1.65
C2DTLZ2,21,36,1.87447851859366,0.983421764909022,34,1.65,1.65
C2DTLZ2,22,37,1.87494216953224,0.983665013588482,35,1.65,1.65
C2DTLZ2,23,38,1.88420745733262,0.988525931220055,36,1.65,1.65
C2DTLZ2,24,39,1.88420745733262,0.988525931220055,37,1.65,1.65
C2DTLZ2,25,40,1.88420745733262,0.988525931220055,38,1.65,1.65
C2DTLZ2,26,41,1.88420745733262,0.988525931220055,39,1.65,1.65
C2DTLZ2,27,42,1.89007109530769,0.9916022157168,40,1.65,1.65
C2DTLZ2,28,43,1.89294017613216,0.993107443170772,41,1.65,1.65
C2DTLZ2,29,44,1.89359542905763,0.993451213441832,42,1.65,1.65
C2DTLZ2,30,45,1.89725709825602,0.995372262496204,43,1.65,1.65
C2DTLZ2,31,46,1.89725709825602,0.995372262496204,44,1.65,1.65
C2DTLZ2,32,47,1.89725709825602,0.995372262496204,45,1.65,1.65
C2DTLZ2,33,48,1.89725709825602,0.995372262496204,46,1.65,1.65
C2DTLZ2,34,49,1.89725709825602,0.995372262496204,47,1.65,1.65
C2DTLZ2,35,50,1.89725709825602,0.995372262496204,48,1.65,1.65
C2DTLZ2,36,51,1.90021723277517,0.996925260134917,49,1.65,1.65
C2DTLZ2,37,52,1.90278881868037,0.998274410591658,50,1.65,1.65
C2DTLZ2,38,53,1.90278881868037,0.998274410591658,51,1.65,1.65
C2DTLZ2,39,54,1.90278881868037,0.998274410591658,52,1.65,1.65
C2DTLZ2,40,55,1.90278881868037,0.998274410591658,53,1.65,1.65
C2DTLZ2,41,56,1.90280503979065,0.998282920794754,54,1.65,1.65
C2DTLZ2,42,57,1.90280503979065,0.998282920794754,55,1.65,1.65
C2DTLZ2,43,58,1.90280503979065,0.998282920794754,56,1.65,1.65
C2DTLZ2,44,59,1.90425255766619,0.99904234298593,57,1.65,1.65
C2DTLZ2,45,60,1.90607792656192,1,58,1.65,1.65
WELDEDBEAM,0,20,44.2031670486363,0.969914758715715,3,367.30045,0.127380278502743
WELDEDBEAM,1,21,44.2804470156717,0.971610451255081,4,367.30045,0.127380278502743
WELDEDBEAM,2,22,44.3051653893112,0.972152826768085,5,367.30045,0.127380278502743
WELDEDBEAM,3,23,44.6015571872921,0.978656315056779,6,367.30045,0.127380278502743
WELDEDBEAM,4,24,44.6015571872921,0.978656315056779,6,367.30045,0.127380278502743
WELDEDBEAM,5,25,44.6015571872921,0.978656315056779,7,367.30045,0.127380278502743
WELDEDBEAM,6,26,44.6349576462923,0.979389194628428,8,367.30045,0.127380278502743
WELDEDBEAM,7,27,44.6358779578854,0.979409388290021,9,367.30045,0.127380278502743
WELDEDBEAM,8,28,44.6358779578854,0.979409388290021,10,367.30045,0.127380278502743
WELDEDBEAM,9,29,44.6358779578854,0.979409388290021,11,367.30045,0.127380278502743
WELDEDBEAM,10,30,44.6371613134262,0.979437547934745,12,367.30045,0.127380278502743
WELDEDBEAM,11,31,44.6371613134262,0.979437547934745,13,367.30045,0.127380278502743
WELDEDBEAM,12,32,44.6371613134262,0.979437547934745,14,367.30045,0.127380278502743
WELDEDBEAM,13,33,44.6459466164626,0.979630316816335,15,367.30045,0.127380278502743
WELDEDBEAM,14,34,44.6459466164626,0.979630316816335,16,367.30045,0.127380278502743
WELDEDBEAM,15,35,44.6459466164626,0.979630316816335,16,367.30045,0.127380278502743
WELDEDBEAM,16,36,45.00853617546,0.987586329656793,17,367.30045,0.127380278502743
WELDEDBEAM,17,37,45.00853617546,0.987586329656793,18,367.30045,0.127380278502743
WELDEDBEAM,18,38,45.0475800782447,0.988443038804059,19,367.30045,0.127380278502743
WELDEDBEAM,19,39,45.0499274313886,0.988494544897633,20,367.30045,0.127380278502743
WELDEDBEAM,20,40,45.0499274313886,0.988494544897633,21,367.30045,0.127380278502743
WELDEDBEAM,21,41,45.0499274313886,0.988494544897633,21,367.30045,0.127380278502743
WELDEDBEAM,22,42,45.0499274313886,0.988494544897633,22,367.30045,0.127380278502743
WELDEDBEAM,23,43,45.0499274313886,0.988494544897633,23,367.30045,0.127380278502743
WELDEDBEAM,24,44,45.0499274313886,0.988494544897633,23,367.30045,0.127380278502743
WELDEDBEAM,25,45,45.0509098771105,0.988516101918744,24,367.30045,0.127380278502743
WELDEDBEAM,26,46,45.0509098771105,0.988516101918744,25,367.30045,0.127380278502743
WELDEDBEAM,27,47,45.0509098771105,0.988516101918744,26,367.30045,0.127380278502743
WELDEDBEAM,28,48,45.0509098771105,0.988516101918744,26,367.30045,0.127380278502743
WELDEDBEAM,29,49,45.0509098771105,0.988516101918744,27,367.30045,0.127380278502743
WELDEDBEAM,30,50,45.496386956544,0.998290849360182,28,367.30045,0.127380278502743
WELDEDBEAM,31,51,45.496386956544,0.998290849360182,29,367.30045,0.127380278502743
WELDEDBEAM,32,52,45.496386956544,0.998290849360182,30,367.30045,0.127380278502743
WELDEDBEAM,33,53,45.496386956544,0.998290849360182,31,367.30045,0.127380278502743
WELDEDBEAM,34,54,45.496386956544,0.998290849360182,31,367.30045,0.127380278502743
WELDEDBEAM,35,55,45.496386956544,0.998290849360182,31,367.30045,0.127380278502743
WELDEDBEAM,36,56,45.496386956544,0.998290849360182,32,367.30045,0.127380278502743
WELDEDBEAM,37,57,45.4976283094768,0.998318087375254,33,367.30045,0.127380278502743
WELDEDBEAM,38,58,45.4976283094768,0.998318087375254,34,367.30045,0.127380278502743
WELDEDBEAM,39,59,45.4976283094768,0.998318087375254,35,367.30045,0.127380278502743
WELDEDBEAM,40,60,45.4976283094768,0.998318087375254,36,367.30045,0.127380278502743
WELDEDBEAM,41,61,45.5266712566297,0.998955353547817,37,367.30045,0.127380278502743
WELDEDBEAM,42,62,45.5266712566297,0.998955353547817,38,367.30045,0.127380278502743
WELDEDBEAM,43,63,45.5266712566297,0.998955353547817,38,367.30045,0.127380278502743
WELDEDBEAM,44,64,45.5267815713254,0.998957774095,39,367.30045,0.127380278502743
WELDEDBEAM,45,65,45.5267815713254,0.998957774095,40,367.30045,0.127380278502743
WELDEDBEAM,46,66,45.5270797504089,0.998964316800264,41,367.30045,0.127380278502743
WELDEDBEAM,47,67,45.5270797504089,0.998964316800264,42,367.30045,0.127380278502743
WELDEDBEAM,48,68,45.5270797504089,0.998964316800264,43,367.30045,0.127380278502743
WELDEDBEAM,49,69,45.5270797504089,0.998964316800264,44,367.30045,0.127380278502743
WELDEDBEAM,50,70,45.5270797504089,0.998964316800264,45,367.30045,0.127380278502743
WELDEDBEAM,51,71,45.5270797504089,0.998964316800264,46,367.30045,0.127380278502743
WELDEDBEAM,52,72,45.5270797504089,0.998964316800264,47,367.30045,0.127380278502743
WELDEDBEAM,53,73,45.5270797504089,0.998964316800264,47,367.30045,0.127380278502743
WELDEDBEAM,54,74,45.5270797504089,0.998964316800264,48,367.30045,0.127380278502743
WELDEDBEAM,55,75,45.5270797504089,0.998964316800264,49,367.30045,0.127380278502743
WELDEDBEAM,56,76,45.5270797504089,0.998964316800264,50,367.30045,0.127380278502743
WELDEDBEAM,57,77,45.5270797504089,0.998964316800264,50,367.30045,0.127380278502743
WELDEDBEAM,58,78,45.5270797504089,0.998964316800264,51,367.30045,0.127380278502743
WELDEDBEAM,59,79,45.5270797504089,0.998964316800264,52,367.30045,0.127380278502743
WELDEDBEAM,60,80,45.5270797504089,0.998964316800264,53,367.30045,0.127380278502743
WELDEDBEAM,61,81,45.5601749274977,0.999690497814974,54,367.30045,0.127380278502743
WELDEDBEAM,62,82,45.5601749274977,0.999690497814974,55,367.30045,0.127380278502743
WELDEDBEAM,63,83,45.5601749274977,0.999690497814974,56,367.30045,0.127380278502743
WELDEDBEAM,64,84,45.5601749274977,0.999690497814974,56,367.30045,0.127380278502743
WELDEDBEAM,65,85,45.5601749274977,0.999690497814974,57,367.30045,0.127380278502743
WELDEDBEAM,66,86,45.5603617741242,0.999694597641135,58,367.30045,0.127380278502743
WELDEDBEAM,67,87,45.5609788937918,0.999708138604678,59,367.30045,0.127380278502743
WELDEDBEAM,68,88,45.5609788937918,0.999708138604678,60,367.30045,0.127380278502743
WELDEDBEAM,69,89,45.5609788937918,0.999708138604678,61,367.30045,0.127380278502743
WELDEDBEAM,70,90,45.5614930296551,0.999719419876929,62,367.30045,0.127380278502743
WELDEDBEAM,71,91,45.5614930296551,0.999719419876929,62,367.30045,0.127380278502743
WELDEDBEAM,72,92,45.5614930296551,0.999719419876929,63,367.30045,0.127380278502743
WELDEDBEAM,73,93,45.5614930296551,0.999719419876929,63,367.30045,0.127380278502743
WELDEDBEAM,74,94,45.5614930296551,0.999719419876929,64,367.30045,0.127380278502743
WELDEDBEAM,75,95,45.5614930296551,0.999719419876929,64,367.30045,0.127380278502743
WELDEDBEAM,76,96,45.5614930296551,0.999719419876929,64,367.30045,0.127380278502743
WELDEDBEAM,77,97,45.5614930296551,0.999719419876929,65,367.30045,0.127380278502743
WELDEDBEAM,78,98,45.5614930296551,0.999719419876929,66,367.30045,0.127380278502743
WELDEDBEAM,79,99,45.5614930296551,0.999719419876929,67,367.30045,0.127380278502743
WELDEDBEAM,80,100,45.5614930296551,0.999719419876929,67,367.30045,0.127380278502743
WELDEDBEAM,81,101,45.5614930296551,0.999719419876929,68,367.30045,0.127380278502743
WELDEDBEAM,82,102,45.5614930296551,0.999719419876929,68,367.30045,0.127380278502743
WELDEDBEAM,83,103,45.5614930296551,0.999719419876929,69,367.30045,0.127380278502743
WELDEDBEAM,84,104,45.5614930296551,0.999719419876929,69,367.30045,0.127380278502743
WELDEDBEAM,85,105,45.5616577629374,0.999723034487655,70,367.30045,0.127380278502743
WELDEDBEAM,86,106,45.5616577629374,0.999723034487655,71,367.30045,0.127380278502743
WELDEDBEAM,87,107,45.5616577629374,0.999723034487655,71,367.30045,0.127380278502743
WELDEDBEAM,88,108,45.5616577629374,0.999723034487655,71,367.30045,0.127380278502743
WELDEDBEAM,89,109,45.5616577629374,0.999723034487655,72,367.30045,0.127380278502743
WELDEDBEAM,90,110,45.5616577629374,0.999723034487655,72,367.30045,0.127380278502743
WELDEDBEAM,91,111,45.5616577629374,0.999723034487655,73,367.30045,0.127380278502743
WELDEDBEAM,92,112,45.5616577629374,0.999723034487655,74,367.30045,0.127380278502743
WELDEDBEAM,93,113,45.56988639827,0.999903588854821,75,367.30045,0.127380278502743
WELDEDBEAM,94,114,45.56988639827,0.999903588854821,76,367.30045,0.127380278502743
WELDEDBEAM,95,115,45.56988639827,0.999903588854821,77,367.30045,0.127380278502743
WELDEDBEAM,96,116,45.56988639827,0.999903588854821,78,367.30045,0.127380278502743
WELDEDBEAM,97,117,45.56988639827,0.999903588854821,79,367.30045,0.127380278502743
WELDEDBEAM,98,118,45.56988639827,0.999903588854821,79,367.30045,0.127380278502743
WELDEDBEAM,99,119,45.56988639827,0.999903588854821,79,367.30045,0.127380278502743
WELDEDBEAM,100,120,45.56988639827,0.999903588854821,80,367.30045,0.127380278502743
WELDEDBEAM,101,121,45.56988639827,0.999903588854821,81,367.30045,0.127380278502743
WELDEDBEAM,102,122,45.56988639827,0.999903588854821,81,367.30045,0.127380278502743
WELDEDBEAM,103,123,45.56988639827,0.999903588854821,81,367.30045,0.127380278502743
WELDEDBEAM,104,124,45.56988639827,0.999903588854821,81,367.30045,0.127380278502743
WELDEDBEAM,105,125,45.5736852217895,0.999986943402546,82,367.30045,0.127380278502743
WELDEDBEAM,106,126,45.5736852217895,0.999986943402546,82,367.30045,0.127380278502743
WELDEDBEAM,107,127,45.5736852217895,0.999986943402546,83,367.30045,0.127380278502743
WELDEDBEAM,108,128,45.5736852217895,0.999986943402546,84,367.30045,0.127380278502743
WELDEDBEAM,109,129,45.5736852217895,0.999986943402546,85,367.30045,0.127380278502743
WELDEDBEAM,110,130,45.5736852217895,0.999986943402546,86,367.30045,0.127380278502743
WELDEDBEAM,111,131,45.5736852217895,0.999986943402546,86,367.30045,0.127380278502743
WELDEDBEAM,112,132,45.5736852217895,0.999986943402546,86,367.30045,0.127380278502743
WELDEDBEAM,113,133,45.5736852217895,0.999986943402546,87,367.30045,0.127380278502743
WELDEDBEAM,114,134,45.5740328527494,0.999994571190802,88,367.30045,0.127380278502743
WELDEDBEAM,115,135,45.5740328527494,0.999994571190802,89,367.30045,0.127380278502743
WELDEDBEAM,116,136,45.5740328527494,0.999994571190802,90,367.30045,0.127380278502743
WELDEDBEAM,117,137,45.5740328527494,0.999994571190802,90,367.30045,0.127380278502743
WELDEDBEAM,118,138,45.5740328527494,0.999994571190802,91,367.30045,0.127380278502743
WELDEDBEAM,119,139,45.5740328527494,0.999994571190802,91,367.30045,0.127380278502743
WELDEDBEAM,120,140,45.5740328527494,0.999994571190802,91,367.30045,0.127380278502743
WELDEDBEAM,121,141,45.5740328527494,0.999994571190802,92,367.30045,0.127380278502743
WELDEDBEAM,122,142,45.574248813082,0.999999309835743,93,367.30045,0.127380278502743
WELDEDBEAM,123,143,45.574248813082,0.999999309835743,94,367.30045,0.127380278502743
WELDEDBEAM,124,144,45.574248813082,0.999999309835743,95,367.30045,0.127380278502743
WELDEDBEAM,125,145,45.574248813082,0.999999309835743,96,367.30045,0.127380278502743
WELDEDBEAM,126,146,45.574248813082,0.999999309835743,96,367.30045,0.127380278502743
WELDEDBEAM,127,147,45.574248813082,0.999999309835743,97,367.30045,0.127380278502743
WELDEDBEAM,128,148,45.574248813082,0.999999309835743,98,367.30045,0.127380278502743
WELDEDBEAM,129,149,45.574248813082,0.999999309835743,99,367.30045,0.127380278502743
WELDEDBEAM,130,150,45.5742802668212,1,100,367.30045,0.127380278502743
