Case,Evaluation,SequentialIteration,IsFeasible,CumulativeFeasibleCount,CumulativeFeasibleRate
COSSIN1,1,0,1,1,1
COSSIN1,2,0,1,2,1
COSSIN1,3,0,1,3,1
COSSIN1,4,0,0,3,0.75
COSSIN1,5,0,1,4,0.8
COSSIN1,6,0,1,5,0.833333333333333
COSSIN1,7,0,0,5,0.714285714285714
COSSIN1,8,0,0,5,0.625
COSSIN1,9,0,0,5,0.555555555555556
COSSIN1,10,0,1,6,0.6
COSSIN1,11,0,0,6,0.545454545454545
COSSIN1,12,0,0,6,0.5
COSSIN1,13,0,0,6,0.461538461538462
COSSIN1,14,0,0,6,0.428571428571429
COSSIN1,15,0,0,6,0.4
COSSIN1,16,0,1,7,0.4375
COSSIN1,17,0,0,7,0.411764705882353
COSSIN1,18,0,0,7,0.388888888888889
COSSIN1,19,0,0,7,0.368421052631579
COSSIN1,20,0,1,8,0.4
COSSIN1,21,1,1,9,0.428571428571429
COSSIN1,22,2,1,10,0.454545454545455
COSSIN1,23,3,0,10,0.434782608695652
COSSIN1,24,4,1,11,0.458333333333333
COSSIN1,25,5,1,12,0.48
COSSIN1,26,6,1,13,0.5
COSSIN1,27,7,0,13,0.481481481481481
COSSIN1,28,8,0,13,0.464285714285714
COSSIN1,29,9,1,14,0.482758620689655
COSSIN1,30,10,1,15,0.5
COSSIN1,31,11,0,15,0.483870967741935
COSSIN1,32,12,1,16,0.5
COSSIN1,33,13,0,16,0.484848484848485
COSSIN1,34,14,1,17,0.5
COSSIN1,35,15,1,18,0.514285714285714
COSSIN1,36,16,1,19,0.527777777777778
COSSIN1,37,17,1,20,0.540540540540541
COSSIN1,38,18,1,21,0.552631578947368
COSSIN1,39,19,1,22,0.564102564102564
COSSIN1,40,20,1,23,0.575
COSSIN1,41,21,1,24,0.585365853658537
COSSIN1,42,22,1,25,0.595238095238095
COSSIN1,43,23,1,26,0.604651162790698
COSSIN1,44,24,1,27,0.613636363636364
COSSIN1,45,25,1,28,0.622222222222222
COSSIN1,46,26,0,28,0.608695652173913
COSSIN1,47,27,1,29,0.617021276595745
COSSIN1,48,28,0,29,0.604166666666667
COSSIN1,49,29,1,30,0.612244897959184
COSSIN1,50,30,0,30,0.6
COSSIN2,1,0,1,1,1
COSSIN2,2,0,1,2,1
COSSIN2,3,0,1,3,1
COSSIN2,4,0,0,3,0.75
COSSIN2,5,0,0,3,0.6
COSSIN2,6,0,0,3,0.5
COSSIN2,7,0,0,3,0.428571428571429
COSSIN2,8,0,0,3,0.375
COSSIN2,9,0,0,3,0.333333333333333
COSSIN2,10,0,0,3,0.3
COSSIN2,11,0,0,3,0.272727272727273
COSSIN2,12,0,1,4,0.333333333333333
COSSIN2,13,0,1,5,0.384615384615385
COSSIN2,14,0,0,5,0.357142857142857
COSSIN2,15,0,0,5,0.333333333333333
COSSIN2,16,0,1,6,0.375
COSSIN2,17,0,0,6,0.352941176470588
COSSIN2,18,0,1,7,0.388888888888889
COSSIN2,19,0,0,7,0.368421052631579
COSSIN2,20,0,0,7,0.35
COSSIN2,21,1,0,7,0.333333333333333
COSSIN2,22,2,0,7,0.318181818181818
COSSIN2,23,3,1,8,0.347826086956522
COSSIN2,24,4,0,8,0.333333333333333
COSSIN2,25,5,0,8,0.32
COSSIN2,26,6,0,8,0.307692307692308
COSSIN2,27,7,0,8,0.296296296296296
COSSIN2,28,8,1,9,0.321428571428571
COSSIN2,29,9,0,9,0.310344827586207
COSSIN2,30,10,1,10,0.333333333333333
COSSIN2,31,11,0,10,0.32258064516129
COSSIN2,32,12,1,11,0.34375
COSSIN2,33,13,1,12,0.363636363636364
COSSIN2,34,14,0,12,0.352941176470588
COSSIN2,35,15,1,13,0.371428571428571
COSSIN2,36,16,0,13,0.361111111111111
COSSIN2,37,17,0,13,0.351351351351351
COSSIN2,38,18,1,14,0.368421052631579
COSSIN2,39,19,0,14,0.358974358974359
COSSIN2,40,20,1,15,0.375
COSSIN2,41,21,1,16,0.390243902439024
COSSIN2,42,22,1,17,0.404761904761905
COSSIN2,43,23,1,18,0.418604651162791
COSSIN2,44,24,0,18,0.409090909090909
COSSIN2,45,25,1,19,0.422222222222222
COSSIN2,46,26,0,19,0.41304347826087
COSSIN2,47,27,0,19,0.404255319148936
COSSIN2,48,28,0,19,0.395833333333333
COSSIN2,49,29,1,20,0.408163265306122
COSSIN2,50,30,1,21,0.42
COSSIN2,51,31,0,21,0.411764705882353
COSSIN2,52,32,0,21,0.403846153846154
COSSIN2,53,33,0,21,0.39622641509434
COSSIN2,54,34,0,21,0.388888888888889
COSSIN2,55,35,1,22,0.4
COSSIN2,56,36,0,22,0.392857142857143
COSSIN2,57,37,0,22,0.385964912280702
COSSIN2,58,38,0,22,0.379310344827586
COSSIN2,59,39,0,22,0.372881355932203
COSSIN2,60,40,0,22,0.366666666666667
COSSIN2,61,41,0,22,0.360655737704918
COSSIN2,62,42,1,23,0.370967741935484
COSSIN2,63,43,0,23,0.365079365079365
COSSIN2,64,44,0,23,0.359375
COSSIN2,65,45,1,24,0.369230769230769
COSSIN2,66,46,0,24,0.363636363636364
COSSIN2,67,47,0,24,0.358208955223881
COSSIN2,68,48,1,25,0.367647058823529
COSSIN2,69,49,1,26,0.376811594202899
COSSIN2,70,50,0,26,0.371428571428571
COSSIN2,71,51,1,27,0.380281690140845
COSSIN2,72,52,1,28,0.388888888888889
COSSIN2,73,53,0,28,0.383561643835616
COSSIN2,74,54,0,28,0.378378378378378
COSSIN2,75,55,1,29,0.386666666666667
COSSIN2,76,56,1,30,0.394736842105263
COSSIN2,77,57,1,31,0.402597402597403
COSSIN2,78,58,0,31,0.397435897435897
COSSIN2,79,59,0,31,0.392405063291139
COSSIN2,80,60,1,32,0.4
BNH,1,0,1,1,1
BNH,2,0,0,1,0.5
BNH,3,0,1,2,0.666666666666667
BNH,4,0,1,3,0.75
BNH,5,0,1,4,0.8
BNH,6,0,1,5,0.833333333333333
BNH,7,0,1,6,0.857142857142857
BNH,8,0,1,7,0.875
BNH,9,0,1,8,0.888888888888889
BNH,10,0,1,9,0.9
BNH,11,1,1,10,0.909090909090909
BNH,12,2,1,11,0.916666666666667
BNH,13,3,1,12,0.923076923076923
BNH,14,4,1,13,0.928571428571429
BNH,15,5,1,14,0.933333333333333
BNH,16,6,1,15,0.9375
BNH,17,7,1,16,0.941176470588235
BNH,18,8,1,17,0.944444444444444
BNH,19,9,1,18,0.947368421052632
BNH,20,10,1,19,0.95
BNH,21,11,1,20,0.952380952380952
BNH,22,12,1,21,0.954545454545455
BNH,23,13,1,22,0.956521739130435
BNH,24,14,1,23,0.958333333333333
BNH,25,15,1,24,0.96
BNH,26,16,1,25,0.961538461538462
BNH,27,17,1,26,0.962962962962963
BNH,28,18,1,27,0.964285714285714
BNH,29,19,1,28,0.96551724137931
BNH,30,20,1,29,0.966666666666667
BNH,31,21,1,30,0.967741935483871
BNH,32,22,1,31,0.96875
BNH,33,23,1,32,0.96969696969697
BNH,34,24,1,33,0.970588235294118
BNH,35,25,1,34,0.971428571428571
BNH,36,26,1,35,0.972222222222222
BNH,37,27,1,36,0.972972972972973
BNH,38,28,1,37,0.973684210526316
BNH,39,29,1,38,0.974358974358974
BNH,40,30,1,39,0.975
BNH_ALLINFEAS,1,0,0,0,0
BNH_ALLINFEAS,2,0,0,0,0
BNH_ALLINFEAS,3,0,0,0,0
BNH_ALLINFEAS,4,0,0,0,0
BNH_ALLINFEAS,5,0,0,0,0
BNH_ALLINFEAS,6,0,0,0,0
BNH_ALLINFEAS,7,0,0,0,0
BNH_ALLINFEAS,8,0,0,0,0
BNH_ALLINFEAS,9,0,0,0,0
BNH_ALLINFEAS,10,0,0,0,0
BNH_ALLINFEAS,11,1,1,1,0.0909090909090909
BNH_ALLINFEAS,12,2,1,2,0.166666666666667
BNH_ALLINFEAS,13,3,1,3,0.230769230769231
BNH_ALLINFEAS,14,4,1,4,0.285714285714286
BNH_ALLINFEAS,15,5,1,5,0.333333333333333
BNH_ALLINFEAS,16,6,1,6,0.375
BNH_ALLINFEAS,17,7,1,7,0.411764705882353
BNH_ALLINFEAS,18,8,1,8,0.444444444444444
BNH_ALLINFEAS,19,9,1,9,0.473684210526316
BNH_ALLINFEAS,20,10,1,10,0.5
BNH_ALLINFEAS,21,11,1,11,0.523809523809524
BNH_ALLINFEAS,22,12,1,12,0.545454545454545
BNH_ALLINFEAS,23,13,1,13,0.565217391304348
BNH_ALLINFEAS,24,14,1,14,0.583333333333333
BNH_ALLINFEAS,25,15,1,15,0.6
BNH_ALLINFEAS,26,16,1,16,0.615384615384615
BNH_ALLINFEAS,27,17,1,17,0.62962962962963
BNH_ALLINFEAS,28,18,1,18,0.642857142857143
BNH_ALLINFEAS,29,19,1,19,0.655172413793103
BNH_ALLINFEAS,30,20,1,20,0.666666666666667
SRN,1,0,0,0,0
SRN,2,0,0,0,0
SRN,3,0,0,0,0
SRN,4,0,0,0,0
SRN,5,0,0,0,0
SRN,6,0,0,0,0
SRN,7,0,0,0,0
SRN,8,0,0,0,0
SRN,9,0,0,0,0
SRN,10,0,1,1,0.1
SRN,11,1,0,1,0.0909090909090909
SRN,12,2,1,2,0.166666666666667
SRN,13,3,1,3,0.230769230769231
SRN,14,4,1,4,0.285714285714286
SRN,15,5,1,5,0.333333333333333
SRN,16,6,1,6,0.375
SRN,17,7,1,7,0.411764705882353
SRN,18,8,1,8,0.444444444444444
SRN,19,9,1,9,0.473684210526316
SRN,20,10,1,10,0.5
SRN,21,11,1,11,0.523809523809524
SRN,22,12,1,12,0.545454545454545
SRN,23,13,1,13,0.565217391304348
SRN,24,14,1,14,0.583333333333333
SRN,25,15,1,15,0.6
SRN,26,16,0,15,0.576923076923077
SRN,27,17,0,15,0.555555555555556
SRN,28,18,0,15,0.535714285714286
SRN,29,19,1,16,0.551724137931034
SRN,30,20,1,17,0.566666666666667
SRN,31,21,1,18,0.580645161290323
SRN,32,22,1,19,0.59375
SRN,33,23,0,19,0.575757575757576
SRN,34,24,1,20,0.588235294117647
SRN,35,25,0,20,0.571428571428571
SRN,36,26,0,20,0.555555555555556
SRN,37,27,0,20,0.540540540540541
SRN,38,28,1,21,0.552631578947368
SRN,39,29,1,22,0.564102564102564
SRN,40,30,1,23,0.575
C2DTLZ2,1,0,1,1,1
C2DTLZ2,2,0,1,2,1
C2DTLZ2,3,0,1,3,1
C2DTLZ2,4,0,1,4,1
C2DTLZ2,5,0,1,5,1
C2DTLZ2,6,0,1,6,1
C2DTLZ2,7,0,1,7,1
C2DTLZ2,8,0,1,8,1
C2DTLZ2,9,0,1,9,1
C2DTLZ2,10,0,1,10,1
C2DTLZ2,11,0,1,11,1
C2DTLZ2,12,0,0,11,0.916666666666667
C2DTLZ2,13,0,1,12,0.923076923076923
C2DTLZ2,14,0,1,13,0.928571428571429
C2DTLZ2,15,0,1,14,0.933333333333333
C2DTLZ2,16,1,0,14,0.875
C2DTLZ2,17,2,1,15,0.882352941176471
C2DTLZ2,18,3,1,16,0.888888888888889
C2DTLZ2,19,4,1,17,0.894736842105263
C2DTLZ2,20,5,1,18,0.9
C2DTLZ2,21,6,1,19,0.904761904761905
C2DTLZ2,22,7,1,20,0.909090909090909
C2DTLZ2,23,8,1,21,0.91304347826087
C2DTLZ2,24,9,1,22,0.916666666666667
C2DTLZ2,25,10,1,23,0.92
C2DTLZ2,26,11,1,24,0.923076923076923
C2DTLZ2,27,12,1,25,0.925925925925926
C2DTLZ2,28,13,1,26,0.928571428571429
C2DTLZ2,29,14,1,27,0.931034482758621
C2DTLZ2,30,15,1,28,0.933333333333333
C2DTLZ2,31,16,1,29,0.935483870967742
C2DTLZ2,32,17,1,30,0.9375
C2DTLZ2,33,18,1,31,0.939393939393939
C2DTLZ2,34,19,1,32,0.941176470588235
C2DTLZ2,35,20,1,33,0.942857142857143
C2DTLZ2,36,21,1,34,0.944444444444444
C2DTLZ2,37,22,1,35,0.945945945945946
C2DTLZ2,38,23,1,36,0.947368421052632
C2DTLZ2,39,24,1,37,0.948717948717949
C2DTLZ2,40,25,1,38,0.95
C2DTLZ2,41,26,1,39,0.951219512195122
C2DTLZ2,42,27,1,40,0.952380952380952
C2DTLZ2,43,28,1,41,0.953488372093023
C2DTLZ2,44,29,1,42,0.954545454545455
C2DTLZ2,45,30,1,43,0.955555555555556
C2DTLZ2,46,31,1,44,0.956521739130435
C2DTLZ2,47,32,1,45,0.957446808510638
C2DTLZ2,48,33,1,46,0.958333333333333
C2DTLZ2,49,34,1,47,0.959183673469388
C2DTLZ2,50,35,1,48,0.96
C2DTLZ2,51,36,1,49,0.96078431372549
C2DTLZ2,52,37,1,50,0.961538461538462
C2DTLZ2,53,38,1,51,0.962264150943396
C2DTLZ2,54,39,1,52,0.962962962962963
C2DTLZ2,55,40,1,53,0.963636363636364
C2DTLZ2,56,41,1,54,0.964285714285714
C2DTLZ2,57,42,1,55,0.964912280701754
C2DTLZ2,58,43,1,56,0.96551724137931
C2DTLZ2,59,44,1,57,0.966101694915254
C2DTLZ2,60,45,1,58,0.966666666666667
WELDEDBEAM,1,0,0,0,0
WELDEDBEAM,2,0,0,0,0
WELDEDBEAM,3,0,0,0,0
WELDEDBEAM,4,0,0,0,0
WELDEDBEAM,5,0,0,0,0
WELDEDBEAM,6,0,0,0,0
WELDEDBEAM,7,0,0,0,0
WELDEDBEAM,8,0,1,1,0.125
WELDEDBEAM,9,0,0,1,0.111111111111111
WELDEDBEAM,10,0,0,1,0.1
WELDEDBEAM,11,0,0,1,0.0909090909090909
WELDEDBEAM,12,0,0,1,0.0833333333333333
WELDEDBEAM,13,0,0,1,0.0769230769230769
WELDEDBEAM,14,0,0,1,0.0714285714285714
WELDEDBEAM,15,0,0,1,0.0666666666666667
WELDEDBEAM,16,0,1,2,0.125
WELDEDBEAM,17,0,0,2,0.117647058823529
WELDEDBEAM,18,0,1,3,0.166666666666667
WELDEDBEAM,19,0,0,3,0.157894736842105
WELDEDBEAM,20,0,0,3,0.15
WELDEDBEAM,21,1,1,4,0.19047619047619
WELDEDBEAM,22,2,1,5,0.227272727272727
WELDEDBEAM,23,3,1,6,0.260869565217391
WELDEDBEAM,24,4,0,6,0.25
WELDEDBEAM,25,5,1,7,0.28
WELDEDBEAM,26,6,1,8,0.307692307692308
WELDEDBEAM,27,7,1,9,0.333333333333333
WELDEDBEAM,28,8,1,10,0.357142857142857
WELDEDBEAM,29,9,1,11,0.379310344827586
WELDEDBEAM,30,10,1,12,0.4
WELDEDBEAM,31,11,1,13,0.419354838709677
WELDEDBEAM,32,12,1,14,0.4375
WELDEDBEAM,33,13,1,15,0.454545454545455
WELDEDBEAM,34,14,1,16,0.470588235294118
WELDEDBEAM,35,15,0,16,0.457142857142857
WELDEDBEAM,36,16,1,17,0.472222222222222
WELDEDBEAM,37,17,1,18,0.486486486486487
WELDEDBEAM,38,18,1,19,0.5
WELDEDBEAM,39,19,1,20,0.512820512820513
WELDEDBEAM,40,20,1,21,0.525
WELDEDBEAM,41,21,0,21,0.51219512195122
WELDEDBEAM,42,22,1,22,0.523809523809524
WELDEDBEAM,43,23,1,23,0.534883720930233
WELDEDBEAM,44,24,0,23,0.522727272727273
WELDEDBEAM,45,25,1,24,0.533333333333333
WELDEDBEAM,46,26,1,25,0.543478260869565
WELDEDBEAM,47,27,1,26,0.553191489361702
WELDEDBEAM,48,28,0,26,0.541666666666667
WELDEDBEAM,49,29,1,27,0.551020408163265
WELDEDBEAM,50,30,1,28,0.56
WELDEDBEAM,51,31,1,29,0.568627450980392
WELDEDBEAM,52,32,1,30,0.576923076923077
WELDEDBEAM,53,33,1,31,0.584905660377358
WELDEDBEAM,54,34,0,31,0.574074074074074
WELDEDBEAM,55,35,0,31,0.563636363636364
WELDEDBEAM,56,36,1,32,0.571428571428571
WELDEDBEAM,57,37,1,33,0.578947368421053
WELDEDBEAM,58,38,1,34,0.586206896551724
WELDEDBEAM,59,39,1,35,0.593220338983051
WELDEDBEAM,60,40,1,36,0.6
WELDEDBEAM,61,41,1,37,0.60655737704918
WELDEDBEAM,62,42,1,38,0.612903225806452
WELDEDBEAM,63,43,0,38,0.603174603174603
WELDEDBEAM,64,44,1,39,0.609375
WELDEDBEAM,65,45,1,40,0.615384615384615
WELDEDBEAM,66,46,1,41,0.621212121212121
WELDEDBEAM,67,47,1,42,0.626865671641791
WELDEDBEAM,68,48,1,43,0.632352941176471
WELDEDBEAM,69,49,1,44,0.63768115942029
WELDEDBEAM,70,50,1,45,0.642857142857143
WELDEDBEAM,71,51,1,46,0.647887323943662
WELDEDBEAM,72,52,1,47,0.652777777777778
WELDEDBEAM,73,53,0,47,0.643835616438356
WELDEDBEAM,74,54,1,48,0.648648648648649
WELDEDBEAM,75,55,1,49,0.653333333333333
WELDEDBEAM,76,56,1,50,0.657894736842105
WELDEDBEAM,77,57,0,50,0.649350649350649
WELDEDBEAM,78,58,1,51,0.653846153846154
WELDEDBEAM,79,59,1,52,0.658227848101266
WELDEDBEAM,80,60,1,53,0.6625
WELDEDBEAM,81,61,1,54,0.666666666666667
WELDEDBEAM,82,62,1,55,0.670731707317073
WELDEDBEAM,83,63,1,56,0.674698795180723
WELDEDBEAM,84,64,0,56,0.666666666666667
WELDEDBEAM,85,65,1,57,0.670588235294118
WELDEDBEAM,86,66,1,58,0.674418604651163
WELDEDBEAM,87,67,1,59,0.67816091954023
WELDEDBEAM,88,68,1,60,0.681818181818182
WELDEDBEAM,89,69,1,61,0.685393258426966
WELDEDBEAM,90,70,1,62,0.688888888888889
WELDEDBEAM,91,71,0,62,0.681318681318681
WELDEDBEAM,92,72,1,63,0.684782608695652
WELDEDBEAM,93,73,0,63,0.67741935483871
WELDEDBEAM,94,74,1,64,0.680851063829787
WELDEDBEAM,95,75,0,64,0.673684210526316
WELDEDBEAM,96,76,0,64,0.666666666666667
WELDEDBEAM,97,77,1,65,0.670103092783505
WELDEDBEAM,98,78,1,66,0.673469387755102
WELDEDBEAM,99,79,1,67,0.676767676767677
WELDEDBEAM,100,80,0,67,0.67
WELDEDBEAM,101,81,1,68,0.673267326732673
WELDEDBEAM,102,82,0,68,0.666666666666667
WELDEDBEAM,103,83,1,69,0.669902912621359
WELDEDBEAM,104,84,0,69,0.663461538461538
WELDEDBEAM,105,85,1,70,0.666666666666667
WELDEDBEAM,106,86,1,71,0.669811320754717
WELDEDBEAM,107,87,0,71,0.663551401869159
WELDEDBEAM,108,88,0,71,0.657407407407407
WELDEDBEAM,109,89,1,72,0.660550458715596
WELDEDBEAM,110,90,0,72,0.654545454545455
WELDEDBEAM,111,91,1,73,0.657657657657658
WELDEDBEAM,112,92,1,74,0.660714285714286
WELDEDBEAM,113,93,1,75,0.663716814159292
WELDEDBEAM,114,94,1,76,0.666666666666667
WELDEDBEAM,115,95,1,77,0.669565217391304
WELDEDBEAM,116,96,1,78,0.672413793103448
WELDEDBEAM,117,97,1,79,0.675213675213675
WELDEDBEAM,118,98,0,79,0.669491525423729
WELDEDBEAM,119,99,0,79,0.663865546218487
WELDEDBEAM,120,100,1,80,0.666666666666667
WELDEDBEAM,121,101,1,81,0.669421487603306
WELDEDBEAM,122,102,0,81,0.663934426229508
WELDEDBEAM,123,103,0,81,0.658536585365854
WELDEDBEAM,124,104,0,81,0.653225806451613
WELDEDBEAM,125,105,1,82,0.656
WELDEDBEAM,126,106,0,82,0.650793650793651
WELDEDBEAM,127,107,1,83,0.653543307086614
WELDEDBEAM,128,108,1,84,0.65625
WELDEDBEAM,129,109,1,85,0.65891472868217
WELDEDBEAM,130,110,1,86,0.661538461538462
WELDEDBEAM,131,111,0,86,0.656488549618321
WELDEDBEAM,132,112,0,86,0.651515151515151
WELDEDBEAM,133,113,1,87,0.654135338345865
WELDEDBEAM,134,114,1,88,0.656716417910448
WELDEDBEAM,135,115,1,89,0.659259259259259
WELDEDBEAM,136,116,1,90,0.661764705882353
WELDEDBEAM,137,117,0,90,0.656934306569343
WELDEDBEAM,138,118,1,91,0.659420289855073
WELDEDBEAM,139,119,0,91,0.654676258992806
WELDEDBEAM,140,120,0,91,0.65
WELDEDBEAM,141,121,1,92,0.652482269503546
WELDEDBEAM,142,122,1,93,0.654929577464789
WELDEDBEAM,143,123,1,94,0.657342657342657
WELDEDBEAM,144,124,1,95,0.659722222222222
WELDEDBEAM,145,125,1,96,0.662068965517241
WELDEDBEAM,146,126,0,96,0.657534246575342
WELDEDBEAM,147,127,1,97,0.659863945578231
WELDEDBEAM,148,128,1,98,0.662162162162162
WELDEDBEAM,149,129,1,99,0.664429530201342
WELDEDBEAM,150,130,1,100,0.666666666666667
